episode,step,reward,served_total,served_crit,served_imp,fault_live,powerflow_success,toggled_switch,cascade_tripped,der_bound_frac,served_mw,der_bound_mw,isolation_happened
1,1,19.394031626784113,0.9886944818304173,1.0,1.0,0,1,,,nan,nan,nan,0
1,2,19.676669581023685,0.9773889636608344,1.0,1.0,0,1,,,nan,nan,nan,0
1,3,19.959307535263257,0.9660834454912516,1.0,1.0,0,1,,,nan,nan,nan,0
1,4,20.241945489502825,0.9547779273216689,1.0,1.0,0,1,,,nan,nan,nan,0
1,5,20.52458344374239,0.9434724091520862,1.0,1.0,0,1,,,nan,nan,nan,0
1,6,20.807221397981962,0.9321668909825034,1.0,1.0,0,1,,,nan,nan,nan,0
1,7,21.08985935222153,0.9208613728129206,1.0,1.0,0,1,,,nan,nan,nan,0
1,8,21.3724973064611,0.9095558546433378,1.0,1.0,0,1,,,nan,nan,nan,0
1,9,21.65513526070067,0.898250336473755,1.0,1.0,0,1,,,nan,nan,nan,0
1,10,21.93777321494024,0.8869448183041723,1.0,1.0,0,1,,,nan,nan,nan,0
1,11,22.220411169179805,0.8756393001345896,1.0,1.0,0,1,,,nan,nan,nan,0
1,12,22.503049123419377,0.8643337819650068,1.0,1.0,0,1,,,nan,nan,nan,0
1,13,22.785687077658945,0.853028263795424,1.0,1.0,0,1,,,nan,nan,nan,0
1,14,22.78568707765895,0.8530282637954238,1.0,1.0,0,1,,,nan,nan,nan,0
1,15,22.78568707765895,0.8530282637954238,1.0,1.0,0,1,,,nan,nan,nan,0
1,16,22.78568707765895,0.8530282637954238,1.0,1.0,0,1,,,nan,nan,nan,0
1,17,22.78568707765895,0.8530282637954238,1.0,1.0,0,1,,,nan,nan,nan,0
1,18,22.78568707765895,0.8530282637954238,1.0,1.0,0,1,,,nan,nan,nan,0
1,19,22.78568707765895,0.8530282637954238,1.0,1.0,0,1,,,nan,nan,nan,0
1,20,22.78568707765895,0.8530282637954238,1.0,1.0,0,1,,,nan,nan,nan,0
1,21,22.78568707765895,0.8530282637954238,1.0,1.0,0,1,,,nan,nan,nan,0
1,22,22.78568707765895,0.8530282637954238,1.0,1.0,0,1,,,nan,nan,nan,0
1,23,22.78568707765895,0.8530282637954238,1.0,1.0,0,1,,,nan,nan,nan,0
1,24,22.78568707765895,0.8530282637954238,1.0,1.0,0,1,,,nan,nan,nan,0
1,25,22.78568707765895,0.8530282637954238,1.0,1.0,0,1,,,nan,nan,nan,0
1,26,22.78568707765895,0.8530282637954238,1.0,1.0,0,1,,,nan,nan,nan,0
1,27,22.78568707765895,0.8530282637954238,1.0,1.0,0,1,,,nan,nan,nan,0
1,28,22.78568707765895,0.8530282637954238,1.0,1.0,0,1,,,nan,nan,nan,0
1,29,22.78568707765895,0.8530282637954238,1.0,1.0,0,1,,,nan,nan,nan,0
1,30,22.78568707765895,0.8530282637954238,1.0,1.0,0,1,,,nan,nan,nan,0
1,31,22.78568707765895,0.8530282637954238,1.0,1.0,0,1,,,nan,nan,nan,0
1,32,22.78568707765895,0.8530282637954238,1.0,1.0,0,1,,,nan,nan,nan,0
1,33,22.78568707765895,0.8530282637954238,1.0,1.0,0,1,,,nan,nan,nan,0
1,34,22.78568707765895,0.8530282637954238,1.0,1.0,0,1,,,nan,nan,nan,0
1,35,22.78568707765895,0.8530282637954238,1.0,1.0,0,1,,,nan,nan,nan,0
1,36,22.78568707765895,0.8530282637954238,1.0,1.0,0,1,,,nan,nan,nan,0
1,37,22.78568707765895,0.8530282637954238,1.0,1.0,0,1,,,nan,nan,nan,0
1,38,22.78568707765895,0.8530282637954238,1.0,1.0,0,1,,,nan,nan,nan,0
1,39,22.78568707765895,0.8530282637954238,1.0,1.0,0,1,,,nan,nan,nan,0
1,40,23.068325031898517,0.8417227456258412,1.0,1.0,0,1,,,nan,nan,nan,0
1,41,23.068325031898517,0.8417227456258412,1.0,1.0,0,1,,,nan,nan,nan,0
1,42,23.068325031898517,0.8417227456258412,1.0,1.0,0,1,,,nan,nan,nan,0
1,43,23.068325031898517,0.8417227456258412,1.0,1.0,0,1,,,nan,nan,nan,0
1,44,23.068325031898517,0.8417227456258412,1.0,1.0,0,1,,,nan,nan,nan,0
1,45,23.068325031898517,0.8417227456258412,1.0,1.0,0,1,,,nan,nan,nan,0
1,46,23.068325031898517,0.8417227456258412,1.0,1.0,0,1,,,nan,nan,nan,0
1,47,23.068325031898517,0.8417227456258412,1.0,1.0,0,1,,,nan,nan,nan,0
1,48,23.068325031898517,0.8417227456258412,1.0,1.0,0,1,,,nan,nan,nan,0
1,49,23.068325031898517,0.8417227456258412,1.0,1.0,0,1,,,nan,nan,nan,0
1,50,23.068325031898517,0.8417227456258412,1.0,1.0,0,1,,,nan,nan,nan,0
1,51,23.068325031898517,0.8417227456258412,1.0,1.0,0,1,,,nan,nan,nan,0
1,52,23.068325031898517,0.8417227456258412,1.0,1.0,0,1,,,nan,nan,nan,0
1,53,23.068325031898517,0.8417227456258412,1.0,1.0,0,1,,,nan,nan,nan,0
1,54,23.068325031898517,0.8417227456258412,1.0,1.0,0,1,,,nan,nan,nan,0
1,55,23.068325031898517,0.8417227456258412,1.0,1.0,0,1,,,nan,nan,nan,0
1,56,23.068325031898517,0.8417227456258412,1.0,1.0,0,1,,,nan,nan,nan,0
1,57,23.068325031898517,0.8417227456258412,1.0,1.0,0,1,,,nan,nan,nan,0
1,58,23.068325031898517,0.8417227456258412,1.0,1.0,0,1,,,nan,nan,nan,0
1,59,23.068325031898517,0.8417227456258412,1.0,1.0,0,1,,,nan,nan,nan,0
1,60,23.068325031898517,0.8417227456258412,1.0,1.0,0,1,,,nan,nan,nan,0
1,61,23.068325031898517,0.8417227456258412,1.0,1.0,0,1,,,nan,nan,nan,0
1,62,23.068325031898517,0.8417227456258412,1.0,1.0,0,1,,,nan,nan,nan,0
1,63,23.068325031898517,0.8417227456258412,1.0,1.0,0,1,,,nan,nan,nan,0
1,64,23.068325031898517,0.8417227456258412,1.0,1.0,0,1,,,nan,nan,nan,0
1,65,23.068325031898517,0.8417227456258412,1.0,1.0,0,1,,,nan,nan,nan,0
1,66,23.068325031898517,0.8417227456258412,1.0,1.0,0,1,,,nan,nan,nan,0
1,67,23.068325031898517,0.8417227456258412,1.0,1.0,0,1,,,nan,nan,nan,0
1,68,23.068325031898517,0.8417227456258412,1.0,1.0,0,1,,,nan,nan,nan,0
1,69,23.068325031898517,0.8417227456258412,1.0,1.0,0,1,,,nan,nan,nan,0
1,70,23.068325031898517,0.8417227456258412,1.0,1.0,0,1,,,nan,nan,nan,0
1,71,23.068325031898517,0.8417227456258412,1.0,1.0,0,1,,,nan,nan,nan,0
1,72,23.068325031898517,0.8417227456258412,1.0,1.0,0,1,,,nan,nan,nan,0
1,73,23.068325031898517,0.8417227456258412,1.0,1.0,0,1,,,nan,nan,nan,0
1,74,23.068325031898517,0.8417227456258412,1.0,1.0,0,1,,,nan,nan,nan,0
1,75,23.068325031898517,0.8417227456258412,1.0,1.0,0,1,,,nan,nan,nan,0
1,76,23.068325031898517,0.8417227456258412,1.0,1.0,0,1,,,nan,nan,nan,0
1,77,23.068325031898517,0.8417227456258412,1.0,1.0,0,1,,,nan,nan,nan,0
1,78,23.068325031898517,0.8417227456258412,1.0,1.0,0,1,,,nan,nan,nan,0
1,79,23.068325031898517,0.8417227456258412,1.0,1.0,0,1,,,nan,nan,nan,0
1,80,23.068325031898517,0.8417227456258412,1.0,1.0,0,1,,,nan,nan,nan,0
1,81,23.068325031898517,0.8417227456258412,1.0,1.0,0,1,,,nan,nan,nan,0
1,82,23.068325031898517,0.8417227456258412,1.0,1.0,0,1,,,nan,nan,nan,0
1,83,23.068325031898517,0.8417227456258412,1.0,1.0,0,1,,,nan,nan,nan,0
1,84,23.068325031898517,0.8417227456258412,1.0,1.0,0,1,,,nan,nan,nan,0
1,85,23.068325031898517,0.8417227456258412,1.0,1.0,0,1,,,nan,nan,nan,0
1,86,23.068325031898517,0.8417227456258412,1.0,1.0,0,1,,,nan,nan,nan,0
1,87,23.068325031898517,0.8417227456258412,1.0,1.0,0,1,,,nan,nan,nan,0
1,88,23.068325031898517,0.8417227456258412,1.0,1.0,0,1,,,nan,nan,nan,0
1,89,23.068325031898517,0.8417227456258412,1.0,1.0,0,1,,,nan,nan,nan,0
1,90,23.068325031898517,0.8417227456258412,1.0,1.0,0,1,,,nan,nan,nan,0
1,91,23.068325031898517,0.8417227456258412,1.0,1.0,0,1,,,nan,nan,nan,0
1,92,23.068325031898517,0.8417227456258412,1.0,1.0,0,1,,,nan,nan,nan,0
1,93,23.068325031898517,0.8417227456258412,1.0,1.0,0,1,,,nan,nan,nan,0
1,94,23.068325031898517,0.8417227456258412,1.0,1.0,0,1,,,nan,nan,nan,0
1,95,23.068325031898517,0.8417227456258412,1.0,1.0,0,1,,,nan,nan,nan,0
1,96,23.068325031898517,0.8417227456258412,1.0,1.0,0,1,,,nan,nan,nan,0
1,97,23.068325031898517,0.8417227456258412,1.0,1.0,0,1,,,nan,nan,nan,0
1,98,23.068325031898517,0.8417227456258412,1.0,1.0,0,1,,,nan,nan,nan,0
1,99,23.068325031898517,0.8417227456258412,1.0,1.0,0,1,,,nan,nan,nan,0
1,100,23.068325031898517,0.8417227456258412,1.0,1.0,0,1,,,nan,nan,nan,0
1,101,23.068325031898517,0.8417227456258412,1.0,1.0,0,1,,,nan,nan,nan,0
1,102,23.350962986138086,0.8304172274562585,1.0,1.0,0,1,,,nan,nan,nan,0
1,103,23.350962986138086,0.8304172274562585,1.0,1.0,0,1,,,nan,nan,nan,0
1,104,23.350962986138086,0.8304172274562585,1.0,1.0,0,1,,,nan,nan,nan,0
1,105,23.350962986138086,0.8304172274562585,1.0,1.0,0,1,,,nan,nan,nan,0
1,106,23.350962986138086,0.8304172274562585,1.0,1.0,0,1,,,nan,nan,nan,0
1,107,23.350962986138086,0.8304172274562585,1.0,1.0,0,1,,,nan,nan,nan,0
1,108,23.350962986138086,0.8304172274562585,1.0,1.0,0,1,,,nan,nan,nan,0
1,109,23.350962986138086,0.8304172274562585,1.0,1.0,0,1,,,nan,nan,nan,0
1,110,23.350962986138086,0.8304172274562585,1.0,1.0,0,1,,,nan,nan,nan,0
1,111,23.350962986138086,0.8304172274562585,1.0,1.0,0,1,,,nan,nan,nan,0
1,112,23.350962986138086,0.8304172274562585,1.0,1.0,0,1,,,nan,nan,nan,0
1,113,23.350962986138086,0.8304172274562585,1.0,1.0,0,1,,,nan,nan,nan,0
1,114,23.350962986138086,0.8304172274562585,1.0,1.0,0,1,,,nan,nan,nan,0
1,115,23.350962986138086,0.8304172274562585,1.0,1.0,0,1,,,nan,nan,nan,0
1,116,23.350962986138086,0.8304172274562585,1.0,1.0,0,1,,,nan,nan,nan,0
1,117,23.350962986138086,0.8304172274562585,1.0,1.0,0,1,,,nan,nan,nan,0
1,118,23.350962986138086,0.8304172274562585,1.0,1.0,0,1,,,nan,nan,nan,0
1,119,23.350962986138086,0.8304172274562585,1.0,1.0,0,1,,,nan,nan,nan,0
1,120,23.350962986138086,0.8304172274562585,1.0,1.0,0,1,,,nan,nan,nan,0
2,1,19.863306861613605,0.9886944818304173,1.0,1.0,0,1,,,nan,nan,nan,0
2,2,20.145944815853177,0.9773889636608344,1.0,1.0,0,1,,,nan,nan,nan,0
2,3,20.428582770092746,0.9660834454912516,1.0,1.0,0,1,,,nan,nan,nan,0
2,4,20.711220724332314,0.9547779273216689,1.0,1.0,0,1,,,nan,nan,nan,0
2,5,20.993858678571883,0.9434724091520862,1.0,1.0,0,1,,,nan,nan,nan,0
2,6,21.27649663281145,0.9321668909825034,1.0,1.0,0,1,,,nan,nan,nan,0
2,7,21.559134587051023,0.9208613728129206,1.0,1.0,0,1,,,nan,nan,nan,0
2,8,21.84177254129059,0.9095558546433378,1.0,1.0,0,1,,,nan,nan,nan,0
2,9,22.124410495530164,0.898250336473755,1.0,1.0,0,1,,,nan,nan,nan,0
2,10,22.407048449769732,0.8869448183041723,1.0,1.0,0,1,,,nan,nan,nan,0
2,11,22.689686404009297,0.8756393001345896,1.0,1.0,0,1,,,nan,nan,nan,0
2,12,22.97232435824887,0.8643337819650068,1.0,1.0,0,1,,,nan,nan,nan,0
2,13,23.254962312488438,0.853028263795424,1.0,1.0,0,1,,,nan,nan,nan,0
2,14,23.25496231248844,0.8530282637954238,1.0,1.0,0,1,,,nan,nan,nan,0
2,15,23.25496231248844,0.8530282637954238,1.0,1.0,0,1,,,nan,nan,nan,0
2,16,23.25496231248844,0.8530282637954238,1.0,1.0,0,1,,,nan,nan,nan,0
2,17,23.25496231248844,0.8530282637954238,1.0,1.0,0,1,,,nan,nan,nan,0
2,18,23.25496231248844,0.8530282637954238,1.0,1.0,0,1,,,nan,nan,nan,0
2,19,23.25496231248844,0.8530282637954238,1.0,1.0,0,1,,,nan,nan,nan,0
2,20,23.25496231248844,0.8530282637954238,1.0,1.0,0,1,,,nan,nan,nan,0
2,21,23.25496231248844,0.8530282637954238,1.0,1.0,0,1,,,nan,nan,nan,0
2,22,23.25496231248844,0.8530282637954238,1.0,1.0,0,1,,,nan,nan,nan,0
2,23,23.25496231248844,0.8530282637954238,1.0,1.0,0,1,,,nan,nan,nan,0
2,24,23.25496231248844,0.8530282637954238,1.0,1.0,0,1,,,nan,nan,nan,0
2,25,23.25496231248844,0.8530282637954238,1.0,1.0,0,1,,,nan,nan,nan,0
2,26,23.25496231248844,0.8530282637954238,1.0,1.0,0,1,,,nan,nan,nan,0
2,27,23.25496231248844,0.8530282637954238,1.0,1.0,0,1,,,nan,nan,nan,0
2,28,23.25496231248844,0.8530282637954238,1.0,1.0,0,1,,,nan,nan,nan,0
2,29,23.25496231248844,0.8530282637954238,1.0,1.0,0,1,,,nan,nan,nan,0
2,30,23.25496231248844,0.8530282637954238,1.0,1.0,0,1,,,nan,nan,nan,0
2,31,23.25496231248844,0.8530282637954238,1.0,1.0,0,1,,,nan,nan,nan,0
2,32,23.25496231248844,0.8530282637954238,1.0,1.0,0,1,,,nan,nan,nan,0
2,33,23.25496231248844,0.8530282637954238,1.0,1.0,0,1,,,nan,nan,nan,0
2,34,23.25496231248844,0.8530282637954238,1.0,1.0,0,1,,,nan,nan,nan,0
2,35,23.25496231248844,0.8530282637954238,1.0,1.0,0,1,,,nan,nan,nan,0
2,36,23.25496231248844,0.8530282637954238,1.0,1.0,0,1,,,nan,nan,nan,0
2,37,23.25496231248844,0.8530282637954238,1.0,1.0,0,1,,,nan,nan,nan,0
2,38,23.25496231248844,0.8530282637954238,1.0,1.0,0,1,,,nan,nan,nan,0
2,39,23.537600266728006,0.8417227456258412,1.0,1.0,0,1,,,nan,nan,nan,0
2,40,23.537600266728006,0.8417227456258412,1.0,1.0,0,1,,,nan,nan,nan,0
2,41,23.537600266728006,0.8417227456258412,1.0,1.0,0,1,,,nan,nan,nan,0
2,42,23.537600266728006,0.8417227456258412,1.0,1.0,0,1,,,nan,nan,nan,0
2,43,23.537600266728006,0.8417227456258412,1.0,1.0,0,1,,,nan,nan,nan,0
2,44,23.537600266728006,0.8417227456258412,1.0,1.0,0,1,,,nan,nan,nan,0
2,45,23.537600266728006,0.8417227456258412,1.0,1.0,0,1,,,nan,nan,nan,0
2,46,23.537600266728006,0.8417227456258412,1.0,1.0,0,1,,,nan,nan,nan,0
2,47,23.537600266728006,0.8417227456258412,1.0,1.0,0,1,,,nan,nan,nan,0
2,48,23.537600266728006,0.8417227456258412,1.0,1.0,0,1,,,nan,nan,nan,0
2,49,23.537600266728006,0.8417227456258412,1.0,1.0,0,1,,,nan,nan,nan,0
2,50,23.537600266728006,0.8417227456258412,1.0,1.0,0,1,,,nan,nan,nan,0
2,51,23.537600266728006,0.8417227456258412,1.0,1.0,0,1,,,nan,nan,nan,0
2,52,23.537600266728006,0.8417227456258412,1.0,1.0,0,1,,,nan,nan,nan,0
2,53,23.537600266728006,0.8417227456258412,1.0,1.0,0,1,,,nan,nan,nan,0
2,54,23.537600266728006,0.8417227456258412,1.0,1.0,0,1,,,nan,nan,nan,0
2,55,23.537600266728006,0.8417227456258412,1.0,1.0,0,1,,,nan,nan,nan,0
2,56,23.537600266728006,0.8417227456258412,1.0,1.0,0,1,,,nan,nan,nan,0
2,57,23.537600266728006,0.8417227456258412,1.0,1.0,0,1,,,nan,nan,nan,0
2,58,23.537600266728006,0.8417227456258412,1.0,1.0,0,1,,,nan,nan,nan,0
2,59,23.537600266728006,0.8417227456258412,1.0,1.0,0,1,,,nan,nan,nan,0
2,60,23.537600266728006,0.8417227456258412,1.0,1.0,0,1,,,nan,nan,nan,0
2,61,23.537600266728006,0.8417227456258412,1.0,1.0,0,1,,,nan,nan,nan,0
2,62,23.537600266728006,0.8417227456258412,1.0,1.0,0,1,,,nan,nan,nan,0
2,63,23.537600266728006,0.8417227456258412,1.0,1.0,0,1,,,nan,nan,nan,0
2,64,23.537600266728006,0.8417227456258412,1.0,1.0,0,1,,,nan,nan,nan,0
2,65,23.537600266728006,0.8417227456258412,1.0,1.0,0,1,,,nan,nan,nan,0
2,66,23.537600266728006,0.8417227456258412,1.0,1.0,0,1,,,nan,nan,nan,0
2,67,23.537600266728006,0.8417227456258412,1.0,1.0,0,1,,,nan,nan,nan,0
2,68,23.537600266728006,0.8417227456258412,1.0,1.0,0,1,,,nan,nan,nan,0
2,69,23.537600266728006,0.8417227456258412,1.0,1.0,0,1,,,nan,nan,nan,0
2,70,23.537600266728006,0.8417227456258412,1.0,1.0,0,1,,,nan,nan,nan,0
2,71,23.537600266728006,0.8417227456258412,1.0,1.0,0,1,,,nan,nan,nan,0
2,72,23.537600266728006,0.8417227456258412,1.0,1.0,0,1,,,nan,nan,nan,0
2,73,23.537600266728006,0.8417227456258412,1.0,1.0,0,1,,,nan,nan,nan,0
2,74,23.537600266728006,0.8417227456258412,1.0,1.0,0,1,,,nan,nan,nan,0
2,75,23.537600266728006,0.8417227456258412,1.0,1.0,0,1,,,nan,nan,nan,0
2,76,23.537600266728006,0.8417227456258412,1.0,1.0,0,1,,,nan,nan,nan,0
2,77,23.537600266728006,0.8417227456258412,1.0,1.0,0,1,,,nan,nan,nan,0
2,78,23.537600266728006,0.8417227456258412,1.0,1.0,0,1,,,nan,nan,nan,0
2,79,23.537600266728006,0.8417227456258412,1.0,1.0,0,1,,,nan,nan,nan,0
2,80,23.537600266728006,0.8417227456258412,1.0,1.0,0,1,,,nan,nan,nan,0
2,81,23.537600266728006,0.8417227456258412,1.0,1.0,0,1,,,nan,nan,nan,0
2,82,23.537600266728006,0.8417227456258412,1.0,1.0,0,1,,,nan,nan,nan,0
2,83,23.537600266728006,0.8417227456258412,1.0,1.0,0,1,,,nan,nan,nan,0
2,84,23.537600266728006,0.8417227456258412,1.0,1.0,0,1,,,nan,nan,nan,0
2,85,23.537600266728006,0.8417227456258412,1.0,1.0,0,1,,,nan,nan,nan,0
2,86,23.537600266728006,0.8417227456258412,1.0,1.0,0,1,,,nan,nan,nan,0
2,87,23.537600266728006,0.8417227456258412,1.0,1.0,0,1,,,nan,nan,nan,0
2,88,23.537600266728006,0.8417227456258412,1.0,1.0,0,1,,,nan,nan,nan,0
2,89,23.537600266728006,0.8417227456258412,1.0,1.0,0,1,,,nan,nan,nan,0
2,90,23.537600266728006,0.8417227456258412,1.0,1.0,0,1,,,nan,nan,nan,0
2,91,23.537600266728006,0.8417227456258412,1.0,1.0,0,1,,,nan,nan,nan,0
2,92,23.537600266728006,0.8417227456258412,1.0,1.0,0,1,,,nan,nan,nan,0
2,93,23.537600266728006,0.8417227456258412,1.0,1.0,0,1,,,nan,nan,nan,0
2,94,23.537600266728006,0.8417227456258412,1.0,1.0,0,1,,,nan,nan,nan,0
2,95,23.537600266728006,0.8417227456258412,1.0,1.0,0,1,,,nan,nan,nan,0
2,96,23.537600266728006,0.8417227456258412,1.0,1.0,0,1,,,nan,nan,nan,0
2,97,23.537600266728006,0.8417227456258412,1.0,1.0,0,1,,,nan,nan,nan,0
2,98,23.537600266728006,0.8417227456258412,1.0,1.0,0,1,,,nan,nan,nan,0
2,99,23.820238220967575,0.8304172274562585,1.0,1.0,0,1,,,nan,nan,nan,0
2,100,23.820238220967575,0.8304172274562585,1.0,1.0,0,1,,,nan,nan,nan,0
2,101,23.820238220967575,0.8304172274562585,1.0,1.0,0,1,,,nan,nan,nan,0
2,102,23.820238220967575,0.8304172274562585,1.0,1.0,0,1,,,nan,nan,nan,0
2,103,23.820238220967575,0.8304172274562585,1.0,1.0,0,1,,,nan,nan,nan,0
2,104,23.820238220967575,0.8304172274562585,1.0,1.0,0,1,,,nan,nan,nan,0
2,105,23.820238220967575,0.8304172274562585,1.0,1.0,0,1,,,nan,nan,nan,0
2,106,23.820238220967575,0.8304172274562585,1.0,1.0,0,1,,,nan,nan,nan,0
2,107,23.820238220967575,0.8304172274562585,1.0,1.0,0,1,,,nan,nan,nan,0
2,108,23.820238220967575,0.8304172274562585,1.0,1.0,0,1,,,nan,nan,nan,0
2,109,23.820238220967575,0.8304172274562585,1.0,1.0,0,1,,,nan,nan,nan,0
2,110,23.820238220967575,0.8304172274562585,1.0,1.0,0,1,,,nan,nan,nan,0
2,111,23.820238220967575,0.8304172274562585,1.0,1.0,0,1,,,nan,nan,nan,0
2,112,23.820238220967575,0.8304172274562585,1.0,1.0,0,1,,,nan,nan,nan,0
2,113,23.820238220967575,0.8304172274562585,1.0,1.0,0,1,,,nan,nan,nan,0
2,114,23.820238220967575,0.8304172274562585,1.0,1.0,0,1,,,nan,nan,nan,0
2,115,23.820238220967575,0.8304172274562585,1.0,1.0,0,1,,,nan,nan,nan,0
2,116,23.820238220967575,0.8304172274562585,1.0,1.0,0,1,,,nan,nan,nan,0
2,117,23.820238220967575,0.8304172274562585,1.0,1.0,0,1,,,nan,nan,nan,0
2,118,23.820238220967575,0.8304172274562585,1.0,1.0,0,1,,,nan,nan,nan,0
2,119,23.820238220967575,0.8304172274562585,1.0,1.0,0,1,,,nan,nan,nan,0
2,120,23.820238220967575,0.8304172274562585,1.0,1.0,0,1,,,nan,nan,nan,0
3,1,20.80159245080463,0.9886944818304173,1.0,1.0,0,1,,,nan,nan,nan,0
3,2,21.084230405044202,0.9773889636608344,1.0,1.0,0,1,,,nan,nan,nan,0
3,3,21.366868359283774,0.9660834454912516,1.0,1.0,0,1,,,nan,nan,nan,0
3,4,21.64950631352334,0.9547779273216689,1.0,1.0,0,1,,,nan,nan,nan,0
3,5,21.932144267762908,0.9434724091520862,1.0,1.0,0,1,,,nan,nan,nan,0
3,6,22.214782222002476,0.9321668909825034,1.0,1.0,0,1,,,nan,nan,nan,0
3,7,22.49742017624205,0.9208613728129206,1.0,1.0,0,1,,,nan,nan,nan,0
3,8,22.78005813048162,0.9095558546433378,1.0,1.0,0,1,,,nan,nan,nan,0
3,9,23.06269608472119,0.898250336473755,1.0,1.0,0,1,,,nan,nan,nan,0
3,10,23.345334038960758,0.8869448183041723,1.0,1.0,0,1,,,nan,nan,nan,0
3,11,23.627971993200322,0.8756393001345896,1.0,1.0,0,1,,,nan,nan,nan,0
3,12,23.910609947439895,0.8643337819650068,1.0,1.0,0,1,,,nan,nan,nan,0
3,13,24.193247901679463,0.853028263795424,1.0,1.0,0,1,,,nan,nan,nan,0
3,14,24.193247901679467,0.8530282637954238,1.0,1.0,0,1,,,nan,nan,nan,0
3,15,24.193247901679467,0.8530282637954238,1.0,1.0,0,1,,,nan,nan,nan,0
3,16,24.193247901679467,0.8530282637954238,1.0,1.0,0,1,,,nan,nan,nan,0
3,17,24.193247901679467,0.8530282637954238,1.0,1.0,0,1,,,nan,nan,nan,0
3,18,24.193247901679467,0.8530282637954238,1.0,1.0,0,1,,,nan,nan,nan,0
3,19,24.193247901679467,0.8530282637954238,1.0,1.0,0,1,,,nan,nan,nan,0
3,20,24.193247901679467,0.8530282637954238,1.0,1.0,0,1,,,nan,nan,nan,0
3,21,24.193247901679467,0.8530282637954238,1.0,1.0,0,1,,,nan,nan,nan,0
3,22,24.193247901679467,0.8530282637954238,1.0,1.0,0,1,,,nan,nan,nan,0
3,23,24.193247901679467,0.8530282637954238,1.0,1.0,0,1,,,nan,nan,nan,0
3,24,24.193247901679467,0.8530282637954238,1.0,1.0,0,1,,,nan,nan,nan,0
3,25,24.193247901679467,0.8530282637954238,1.0,1.0,0,1,,,nan,nan,nan,0
3,26,24.193247901679467,0.8530282637954238,1.0,1.0,0,1,,,nan,nan,nan,0
3,27,24.193247901679467,0.8530282637954238,1.0,1.0,0,1,,,nan,nan,nan,0
3,28,24.193247901679467,0.8530282637954238,1.0,1.0,0,1,,,nan,nan,nan,0
3,29,24.193247901679467,0.8530282637954238,1.0,1.0,0,1,,,nan,nan,nan,0
3,30,24.193247901679467,0.8530282637954238,1.0,1.0,0,1,,,nan,nan,nan,0
3,31,24.193247901679467,0.8530282637954238,1.0,1.0,0,1,,,nan,nan,nan,0
3,32,24.193247901679467,0.8530282637954238,1.0,1.0,0,1,,,nan,nan,nan,0
3,33,24.193247901679467,0.8530282637954238,1.0,1.0,0,1,,,nan,nan,nan,0
3,34,24.193247901679467,0.8530282637954238,1.0,1.0,0,1,,,nan,nan,nan,0
3,35,24.193247901679467,0.8530282637954238,1.0,1.0,0,1,,,nan,nan,nan,0
3,36,24.193247901679467,0.8530282637954238,1.0,1.0,0,1,,,nan,nan,nan,0
3,37,24.193247901679467,0.8530282637954238,1.0,1.0,0,1,,,nan,nan,nan,0
3,38,24.475885855919035,0.8417227456258412,1.0,1.0,0,1,,,nan,nan,nan,0
3,39,24.475885855919035,0.8417227456258412,1.0,1.0,0,1,,,nan,nan,nan,0
3,40,24.475885855919035,0.8417227456258412,1.0,1.0,0,1,,,nan,nan,nan,0
3,41,24.475885855919035,0.8417227456258412,1.0,1.0,0,1,,,nan,nan,nan,0
3,42,24.475885855919035,0.8417227456258412,1.0,1.0,0,1,,,nan,nan,nan,0
3,43,24.475885855919035,0.8417227456258412,1.0,1.0,0,1,,,nan,nan,nan,0
3,44,24.475885855919035,0.8417227456258412,1.0,1.0,0,1,,,nan,nan,nan,0
3,45,24.475885855919035,0.8417227456258412,1.0,1.0,0,1,,,nan,nan,nan,0
3,46,24.475885855919035,0.8417227456258412,1.0,1.0,0,1,,,nan,nan,nan,0
3,47,24.475885855919035,0.8417227456258412,1.0,1.0,0,1,,,nan,nan,nan,0
3,48,24.475885855919035,0.8417227456258412,1.0,1.0,0,1,,,nan,nan,nan,0
3,49,24.475885855919035,0.8417227456258412,1.0,1.0,0,1,,,nan,nan,nan,0
3,50,24.475885855919035,0.8417227456258412,1.0,1.0,0,1,,,nan,nan,nan,0
3,51,24.475885855919035,0.8417227456258412,1.0,1.0,0,1,,,nan,nan,nan,0
3,52,24.475885855919035,0.8417227456258412,1.0,1.0,0,1,,,nan,nan,nan,0
3,53,24.475885855919035,0.8417227456258412,1.0,1.0,0,1,,,nan,nan,nan,0
3,54,24.475885855919035,0.8417227456258412,1.0,1.0,0,1,,,nan,nan,nan,0
3,55,24.475885855919035,0.8417227456258412,1.0,1.0,0,1,,,nan,nan,nan,0
3,56,24.475885855919035,0.8417227456258412,1.0,1.0,0,1,,,nan,nan,nan,0
3,57,24.475885855919035,0.8417227456258412,1.0,1.0,0,1,,,nan,nan,nan,0
3,58,24.475885855919035,0.8417227456258412,1.0,1.0,0,1,,,nan,nan,nan,0
3,59,24.475885855919035,0.8417227456258412,1.0,1.0,0,1,,,nan,nan,nan,0
3,60,24.475885855919035,0.8417227456258412,1.0,1.0,0,1,,,nan,nan,nan,0
3,61,24.475885855919035,0.8417227456258412,1.0,1.0,0,1,,,nan,nan,nan,0
3,62,24.475885855919035,0.8417227456258412,1.0,1.0,0,1,,,nan,nan,nan,0
3,63,24.475885855919035,0.8417227456258412,1.0,1.0,0,1,,,nan,nan,nan,0
3,64,24.475885855919035,0.8417227456258412,1.0,1.0,0,1,,,nan,nan,nan,0
3,65,24.475885855919035,0.8417227456258412,1.0,1.0,0,1,,,nan,nan,nan,0
3,66,24.475885855919035,0.8417227456258412,1.0,1.0,0,1,,,nan,nan,nan,0
3,67,24.475885855919035,0.8417227456258412,1.0,1.0,0,1,,,nan,nan,nan,0
3,68,24.475885855919035,0.8417227456258412,1.0,1.0,0,1,,,nan,nan,nan,0
3,69,24.475885855919035,0.8417227456258412,1.0,1.0,0,1,,,nan,nan,nan,0
3,70,24.475885855919035,0.8417227456258412,1.0,1.0,0,1,,,nan,nan,nan,0
3,71,24.475885855919035,0.8417227456258412,1.0,1.0,0,1,,,nan,nan,nan,0
3,72,24.475885855919035,0.8417227456258412,1.0,1.0,0,1,,,nan,nan,nan,0
3,73,24.475885855919035,0.8417227456258412,1.0,1.0,0,1,,,nan,nan,nan,0
3,74,24.475885855919035,0.8417227456258412,1.0,1.0,0,1,,,nan,nan,nan,0
3,75,24.475885855919035,0.8417227456258412,1.0,1.0,0,1,,,nan,nan,nan,0
3,76,24.475885855919035,0.8417227456258412,1.0,1.0,0,1,,,nan,nan,nan,0
3,77,24.475885855919035,0.8417227456258412,1.0,1.0,0,1,,,nan,nan,nan,0
3,78,24.475885855919035,0.8417227456258412,1.0,1.0,0,1,,,nan,nan,nan,0
3,79,24.475885855919035,0.8417227456258412,1.0,1.0,0,1,,,nan,nan,nan,0
3,80,24.475885855919035,0.8417227456258412,1.0,1.0,0,1,,,nan,nan,nan,0
3,81,24.475885855919035,0.8417227456258412,1.0,1.0,0,1,,,nan,nan,nan,0
3,82,24.475885855919035,0.8417227456258412,1.0,1.0,0,1,,,nan,nan,nan,0
3,83,24.475885855919035,0.8417227456258412,1.0,1.0,0,1,,,nan,nan,nan,0
3,84,24.475885855919035,0.8417227456258412,1.0,1.0,0,1,,,nan,nan,nan,0
3,85,24.475885855919035,0.8417227456258412,1.0,1.0,0,1,,,nan,nan,nan,0
3,86,24.475885855919035,0.8417227456258412,1.0,1.0,0,1,,,nan,nan,nan,0
3,87,24.475885855919035,0.8417227456258412,1.0,1.0,0,1,,,nan,nan,nan,0
3,88,24.475885855919035,0.8417227456258412,1.0,1.0,0,1,,,nan,nan,nan,0
3,89,24.475885855919035,0.8417227456258412,1.0,1.0,0,1,,,nan,nan,nan,0
3,90,24.475885855919035,0.8417227456258412,1.0,1.0,0,1,,,nan,nan,nan,0
3,91,24.475885855919035,0.8417227456258412,1.0,1.0,0,1,,,nan,nan,nan,0
3,92,24.475885855919035,0.8417227456258412,1.0,1.0,0,1,,,nan,nan,nan,0
3,93,24.475885855919035,0.8417227456258412,1.0,1.0,0,1,,,nan,nan,nan,0
3,94,24.475885855919035,0.8417227456258412,1.0,1.0,0,1,,,nan,nan,nan,0
3,95,24.475885855919035,0.8417227456258412,1.0,1.0,0,1,,,nan,nan,nan,0
3,96,24.475885855919035,0.8417227456258412,1.0,1.0,0,1,,,nan,nan,nan,0
3,97,24.7585238101586,0.8304172274562585,1.0,1.0,0,1,,,nan,nan,nan,0
3,98,24.7585238101586,0.8304172274562585,1.0,1.0,0,1,,,nan,nan,nan,0
3,99,24.7585238101586,0.8304172274562585,1.0,1.0,0,1,,,nan,nan,nan,0
3,100,24.7585238101586,0.8304172274562585,1.0,1.0,0,1,,,nan,nan,nan,0
3,101,24.7585238101586,0.8304172274562585,1.0,1.0,0,1,,,nan,nan,nan,0
3,102,24.7585238101586,0.8304172274562585,1.0,1.0,0,1,,,nan,nan,nan,0
3,103,24.7585238101586,0.8304172274562585,1.0,1.0,0,1,,,nan,nan,nan,0
3,104,24.7585238101586,0.8304172274562585,1.0,1.0,0,1,,,nan,nan,nan,0
3,105,24.7585238101586,0.8304172274562585,1.0,1.0,0,1,,,nan,nan,nan,0
3,106,24.7585238101586,0.8304172274562585,1.0,1.0,0,1,,,nan,nan,nan,0
3,107,24.7585238101586,0.8304172274562585,1.0,1.0,0,1,,,nan,nan,nan,0
3,108,24.7585238101586,0.8304172274562585,1.0,1.0,0,1,,,nan,nan,nan,0
3,109,24.7585238101586,0.8304172274562585,1.0,1.0,0,1,,,nan,nan,nan,0
3,110,24.7585238101586,0.8304172274562585,1.0,1.0,0,1,,,nan,nan,nan,0
3,111,24.7585238101586,0.8304172274562585,1.0,1.0,0,1,,,nan,nan,nan,0
3,112,24.7585238101586,0.8304172274562585,1.0,1.0,0,1,,,nan,nan,nan,0
3,113,24.7585238101586,0.8304172274562585,1.0,1.0,0,1,,,nan,nan,nan,0
3,114,24.7585238101586,0.8304172274562585,1.0,1.0,0,1,,,nan,nan,nan,0
3,115,24.7585238101586,0.8304172274562585,1.0,1.0,0,1,,,nan,nan,nan,0
3,116,24.7585238101586,0.8304172274562585,1.0,1.0,0,1,,,nan,nan,nan,0
3,117,24.7585238101586,0.8304172274562585,1.0,1.0,0,1,,,nan,nan,nan,0
3,118,24.7585238101586,0.8304172274562585,1.0,1.0,0,1,,,nan,nan,nan,0
3,119,24.7585238101586,0.8304172274562585,1.0,1.0,0,1,,,nan,nan,nan,0
3,120,24.7585238101586,0.8304172274562585,1.0,1.0,0,1,,,nan,nan,nan,0
4,1,21.46145357745098,0.9886944818304173,1.0,1.0,0,1,,,nan,nan,nan,0
4,2,21.74409153169055,0.9773889636608344,1.0,1.0,0,1,,,nan,nan,nan,0
4,3,22.02672948593012,0.9660834454912516,1.0,1.0,0,1,,,nan,nan,nan,0
4,4,22.309367440169687,0.9547779273216689,1.0,1.0,0,1,,,nan,nan,nan,0
4,5,22.592005394409256,0.9434724091520862,1.0,1.0,0,1,,,nan,nan,nan,0
4,6,22.874643348648824,0.9321668909825034,1.0,1.0,0,1,,,nan,nan,nan,0
4,7,23.157281302888396,0.9208613728129206,1.0,1.0,0,1,,,nan,nan,nan,0
4,8,23.439919257127965,0.9095558546433378,1.0,1.0,0,1,,,nan,nan,nan,0
4,9,23.722557211367537,0.898250336473755,1.0,1.0,0,1,,,nan,nan,nan,0
4,10,24.005195165607102,0.8869448183041723,1.0,1.0,0,1,,,nan,nan,nan,0
4,11,24.28783311984667,0.8756393001345896,1.0,1.0,0,1,,,nan,nan,nan,0
4,12,24.570471074086242,0.8643337819650068,1.0,1.0,0,1,,,nan,nan,nan,0
4,13,24.85310902832581,0.853028263795424,1.0,1.0,0,1,,,nan,nan,nan,0
4,14,24.853109028325814,0.8530282637954238,1.0,1.0,0,1,,,nan,nan,nan,0
4,15,24.853109028325814,0.8530282637954238,1.0,1.0,0,1,,,nan,nan,nan,0
4,16,24.853109028325814,0.8530282637954238,1.0,1.0,0,1,,,nan,nan,nan,0
4,17,24.853109028325814,0.8530282637954238,1.0,1.0,0,1,,,nan,nan,nan,0
4,18,24.853109028325814,0.8530282637954238,1.0,1.0,0,1,,,nan,nan,nan,0
4,19,24.853109028325814,0.8530282637954238,1.0,1.0,0,1,,,nan,nan,nan,0
4,20,24.853109028325814,0.8530282637954238,1.0,1.0,0,1,,,nan,nan,nan,0
4,21,24.853109028325814,0.8530282637954238,1.0,1.0,0,1,,,nan,nan,nan,0
4,22,24.853109028325814,0.8530282637954238,1.0,1.0,0,1,,,nan,nan,nan,0
4,23,24.853109028325814,0.8530282637954238,1.0,1.0,0,1,,,nan,nan,nan,0
4,24,24.853109028325814,0.8530282637954238,1.0,1.0,0,1,,,nan,nan,nan,0
4,25,24.853109028325814,0.8530282637954238,1.0,1.0,0,1,,,nan,nan,nan,0
4,26,24.853109028325814,0.8530282637954238,1.0,1.0,0,1,,,nan,nan,nan,0
4,27,24.853109028325814,0.8530282637954238,1.0,1.0,0,1,,,nan,nan,nan,0
4,28,24.853109028325814,0.8530282637954238,1.0,1.0,0,1,,,nan,nan,nan,0
4,29,24.853109028325814,0.8530282637954238,1.0,1.0,0,1,,,nan,nan,nan,0
4,30,24.853109028325814,0.8530282637954238,1.0,1.0,0,1,,,nan,nan,nan,0
4,31,24.853109028325814,0.8530282637954238,1.0,1.0,0,1,,,nan,nan,nan,0
4,32,24.853109028325814,0.8530282637954238,1.0,1.0,0,1,,,nan,nan,nan,0
4,33,24.853109028325814,0.8530282637954238,1.0,1.0,0,1,,,nan,nan,nan,0
4,34,24.853109028325814,0.8530282637954238,1.0,1.0,0,1,,,nan,nan,nan,0
4,35,24.853109028325814,0.8530282637954238,1.0,1.0,0,1,,,nan,nan,nan,0
4,36,24.853109028325814,0.8530282637954238,1.0,1.0,0,1,,,nan,nan,nan,0
4,37,24.853109028325814,0.8530282637954238,1.0,1.0,0,1,,,nan,nan,nan,0
4,38,24.853109028325814,0.8530282637954238,1.0,1.0,0,1,,,nan,nan,nan,0
4,39,25.13574698256538,0.8417227456258412,1.0,1.0,0,1,,,nan,nan,nan,0
4,40,25.13574698256538,0.8417227456258412,1.0,1.0,0,1,,,nan,nan,nan,0
4,41,25.13574698256538,0.8417227456258412,1.0,1.0,0,1,,,nan,nan,nan,0
4,42,25.13574698256538,0.8417227456258412,1.0,1.0,0,1,,,nan,nan,nan,0
4,43,25.13574698256538,0.8417227456258412,1.0,1.0,0,1,,,nan,nan,nan,0
4,44,25.13574698256538,0.8417227456258412,1.0,1.0,0,1,,,nan,nan,nan,0
4,45,25.13574698256538,0.8417227456258412,1.0,1.0,0,1,,,nan,nan,nan,0
4,46,25.13574698256538,0.8417227456258412,1.0,1.0,0,1,,,nan,nan,nan,0
4,47,25.13574698256538,0.8417227456258412,1.0,1.0,0,1,,,nan,nan,nan,0
4,48,25.13574698256538,0.8417227456258412,1.0,1.0,0,1,,,nan,nan,nan,0
4,49,25.13574698256538,0.8417227456258412,1.0,1.0,0,1,,,nan,nan,nan,0
4,50,25.13574698256538,0.8417227456258412,1.0,1.0,0,1,,,nan,nan,nan,0
4,51,25.13574698256538,0.8417227456258412,1.0,1.0,0,1,,,nan,nan,nan,0
4,52,25.13574698256538,0.8417227456258412,1.0,1.0,0,1,,,nan,nan,nan,0
4,53,25.13574698256538,0.8417227456258412,1.0,1.0,0,1,,,nan,nan,nan,0
4,54,25.13574698256538,0.8417227456258412,1.0,1.0,0,1,,,nan,nan,nan,0
4,55,25.13574698256538,0.8417227456258412,1.0,1.0,0,1,,,nan,nan,nan,0
4,56,25.13574698256538,0.8417227456258412,1.0,1.0,0,1,,,nan,nan,nan,0
4,57,25.13574698256538,0.8417227456258412,1.0,1.0,0,1,,,nan,nan,nan,0
4,58,25.13574698256538,0.8417227456258412,1.0,1.0,0,1,,,nan,nan,nan,0
4,59,25.13574698256538,0.8417227456258412,1.0,1.0,0,1,,,nan,nan,nan,0
4,60,25.13574698256538,0.8417227456258412,1.0,1.0,0,1,,,nan,nan,nan,0
4,61,25.13574698256538,0.8417227456258412,1.0,1.0,0,1,,,nan,nan,nan,0
4,62,25.13574698256538,0.8417227456258412,1.0,1.0,0,1,,,nan,nan,nan,0
4,63,25.13574698256538,0.8417227456258412,1.0,1.0,0,1,,,nan,nan,nan,0
4,64,25.13574698256538,0.8417227456258412,1.0,1.0,0,1,,,nan,nan,nan,0
4,65,25.13574698256538,0.8417227456258412,1.0,1.0,0,1,,,nan,nan,nan,0
4,66,25.13574698256538,0.8417227456258412,1.0,1.0,0,1,,,nan,nan,nan,0
4,67,25.13574698256538,0.8417227456258412,1.0,1.0,0,1,,,nan,nan,nan,0
4,68,25.13574698256538,0.8417227456258412,1.0,1.0,0,1,,,nan,nan,nan,0
4,69,25.13574698256538,0.8417227456258412,1.0,1.0,0,1,,,nan,nan,nan,0
4,70,25.13574698256538,0.8417227456258412,1.0,1.0,0,1,,,nan,nan,nan,0
4,71,25.13574698256538,0.8417227456258412,1.0,1.0,0,1,,,nan,nan,nan,0
4,72,25.13574698256538,0.8417227456258412,1.0,1.0,0,1,,,nan,nan,nan,0
4,73,25.13574698256538,0.8417227456258412,1.0,1.0,0,1,,,nan,nan,nan,0
4,74,25.13574698256538,0.8417227456258412,1.0,1.0,0,1,,,nan,nan,nan,0
4,75,25.13574698256538,0.8417227456258412,1.0,1.0,0,1,,,nan,nan,nan,0
4,76,25.13574698256538,0.8417227456258412,1.0,1.0,0,1,,,nan,nan,nan,0
4,77,25.13574698256538,0.8417227456258412,1.0,1.0,0,1,,,nan,nan,nan,0
4,78,25.13574698256538,0.8417227456258412,1.0,1.0,0,1,,,nan,nan,nan,0
4,79,25.13574698256538,0.8417227456258412,1.0,1.0,0,1,,,nan,nan,nan,0
4,80,25.13574698256538,0.8417227456258412,1.0,1.0,0,1,,,nan,nan,nan,0
4,81,25.13574698256538,0.8417227456258412,1.0,1.0,0,1,,,nan,nan,nan,0
4,82,25.13574698256538,0.8417227456258412,1.0,1.0,0,1,,,nan,nan,nan,0
4,83,25.13574698256538,0.8417227456258412,1.0,1.0,0,1,,,nan,nan,nan,0
4,84,25.13574698256538,0.8417227456258412,1.0,1.0,0,1,,,nan,nan,nan,0
4,85,25.13574698256538,0.8417227456258412,1.0,1.0,0,1,,,nan,nan,nan,0
4,86,25.13574698256538,0.8417227456258412,1.0,1.0,0,1,,,nan,nan,nan,0
4,87,25.13574698256538,0.8417227456258412,1.0,1.0,0,1,,,nan,nan,nan,0
4,88,25.13574698256538,0.8417227456258412,1.0,1.0,0,1,,,nan,nan,nan,0
4,89,25.13574698256538,0.8417227456258412,1.0,1.0,0,1,,,nan,nan,nan,0
4,90,25.13574698256538,0.8417227456258412,1.0,1.0,0,1,,,nan,nan,nan,0
4,91,25.13574698256538,0.8417227456258412,1.0,1.0,0,1,,,nan,nan,nan,0
4,92,25.13574698256538,0.8417227456258412,1.0,1.0,0,1,,,nan,nan,nan,0
4,93,25.13574698256538,0.8417227456258412,1.0,1.0,0,1,,,nan,nan,nan,0
4,94,25.13574698256538,0.8417227456258412,1.0,1.0,0,1,,,nan,nan,nan,0
4,95,25.13574698256538,0.8417227456258412,1.0,1.0,0,1,,,nan,nan,nan,0
4,96,25.13574698256538,0.8417227456258412,1.0,1.0,0,1,,,nan,nan,nan,0
4,97,25.13574698256538,0.8417227456258412,1.0,1.0,0,1,,,nan,nan,nan,0
4,98,25.13574698256538,0.8417227456258412,1.0,1.0,0,1,,,nan,nan,nan,0
4,99,25.418384936804948,0.8304172274562585,1.0,1.0,0,1,,,nan,nan,nan,0
4,100,25.418384936804948,0.8304172274562585,1.0,1.0,0,1,,,nan,nan,nan,0
4,101,25.418384936804948,0.8304172274562585,1.0,1.0,0,1,,,nan,nan,nan,0
4,102,25.418384936804948,0.8304172274562585,1.0,1.0,0,1,,,nan,nan,nan,0
4,103,25.418384936804948,0.8304172274562585,1.0,1.0,0,1,,,nan,nan,nan,0
4,104,25.418384936804948,0.8304172274562585,1.0,1.0,0,1,,,nan,nan,nan,0
4,105,25.418384936804948,0.8304172274562585,1.0,1.0,0,1,,,nan,nan,nan,0
4,106,25.418384936804948,0.8304172274562585,1.0,1.0,0,1,,,nan,nan,nan,0
4,107,25.418384936804948,0.8304172274562585,1.0,1.0,0,1,,,nan,nan,nan,0
4,108,25.418384936804948,0.8304172274562585,1.0,1.0,0,1,,,nan,nan,nan,0
4,109,25.418384936804948,0.8304172274562585,1.0,1.0,0,1,,,nan,nan,nan,0
4,110,25.418384936804948,0.8304172274562585,1.0,1.0,0,1,,,nan,nan,nan,0
4,111,25.418384936804948,0.8304172274562585,1.0,1.0,0,1,,,nan,nan,nan,0
4,112,25.418384936804948,0.8304172274562585,1.0,1.0,0,1,,,nan,nan,nan,0
4,113,25.418384936804948,0.8304172274562585,1.0,1.0,0,1,,,nan,nan,nan,0
4,114,25.418384936804948,0.8304172274562585,1.0,1.0,0,1,,,nan,nan,nan,0
4,115,25.418384936804948,0.8304172274562585,1.0,1.0,0,1,,,nan,nan,nan,0
4,116,25.418384936804948,0.8304172274562585,1.0,1.0,0,1,,,nan,nan,nan,0
4,117,25.418384936804948,0.8304172274562585,1.0,1.0,0,1,,,nan,nan,nan,0
4,118,25.418384936804948,0.8304172274562585,1.0,1.0,0,1,,,nan,nan,nan,0
4,119,25.418384936804948,0.8304172274562585,1.0,1.0,0,1,,,nan,nan,nan,0
4,120,25.418384936804948,0.8304172274562585,1.0,1.0,0,1,,,nan,nan,nan,0
5,1,18.24617755834319,0.9886944818304173,1.0,1.0,0,1,,,nan,nan,nan,0
5,2,18.52881551258276,0.9773889636608344,1.0,1.0,0,1,,,nan,nan,nan,0
5,3,18.811453466822332,0.9660834454912516,1.0,1.0,0,1,,,nan,nan,nan,0
5,4,19.0940914210619,0.9547779273216689,1.0,1.0,0,1,,,nan,nan,nan,0
5,5,19.376729375301466,0.9434724091520862,1.0,1.0,0,1,,,nan,nan,nan,0
5,6,19.659367329541038,0.9321668909825034,1.0,1.0,0,1,,,nan,nan,nan,0
5,7,19.94200528378061,0.9208613728129206,1.0,1.0,0,1,,,nan,nan,nan,0
5,8,20.224643238020178,0.9095558546433378,1.0,1.0,0,1,,,nan,nan,nan,0
5,9,20.507281192259747,0.898250336473755,1.0,1.0,0,1,,,nan,nan,nan,0
5,10,20.789919146499315,0.8869448183041723,1.0,1.0,0,1,,,nan,nan,nan,0
5,11,21.072557100738884,0.8756393001345896,1.0,1.0,0,1,,,nan,nan,nan,0
5,12,21.355195054978452,0.8643337819650068,1.0,1.0,0,1,,,nan,nan,nan,0
5,13,21.637833009218024,0.853028263795424,1.0,1.0,0,1,,,nan,nan,nan,0
5,14,21.637833009218028,0.8530282637954238,1.0,1.0,0,1,,,nan,nan,nan,0
5,15,21.637833009218028,0.8530282637954238,1.0,1.0,0,1,,,nan,nan,nan,0
5,16,21.637833009218028,0.8530282637954238,1.0,1.0,0,1,,,nan,nan,nan,0
5,17,21.637833009218028,0.8530282637954238,1.0,1.0,0,1,,,nan,nan,nan,0
5,18,21.637833009218028,0.8530282637954238,1.0,1.0,0,1,,,nan,nan,nan,0
5,19,21.637833009218028,0.8530282637954238,1.0,1.0,0,1,,,nan,nan,nan,0
5,20,21.637833009218028,0.8530282637954238,1.0,1.0,0,1,,,nan,nan,nan,0
5,21,21.637833009218028,0.8530282637954238,1.0,1.0,0,1,,,nan,nan,nan,0
5,22,21.637833009218028,0.8530282637954238,1.0,1.0,0,1,,,nan,nan,nan,0
5,23,21.637833009218028,0.8530282637954238,1.0,1.0,0,1,,,nan,nan,nan,0
5,24,21.637833009218028,0.8530282637954238,1.0,1.0,0,1,,,nan,nan,nan,0
5,25,21.637833009218028,0.8530282637954238,1.0,1.0,0,1,,,nan,nan,nan,0
5,26,21.637833009218028,0.8530282637954238,1.0,1.0,0,1,,,nan,nan,nan,0
5,27,21.637833009218028,0.8530282637954238,1.0,1.0,0,1,,,nan,nan,nan,0
5,28,21.637833009218028,0.8530282637954238,1.0,1.0,0,1,,,nan,nan,nan,0
5,29,21.637833009218028,0.8530282637954238,1.0,1.0,0,1,,,nan,nan,nan,0
5,30,21.637833009218028,0.8530282637954238,1.0,1.0,0,1,,,nan,nan,nan,0
5,31,21.637833009218028,0.8530282637954238,1.0,1.0,0,1,,,nan,nan,nan,0
5,32,21.637833009218028,0.8530282637954238,1.0,1.0,0,1,,,nan,nan,nan,0
5,33,21.637833009218028,0.8530282637954238,1.0,1.0,0,1,,,nan,nan,nan,0
5,34,21.637833009218028,0.8530282637954238,1.0,1.0,0,1,,,nan,nan,nan,0
5,35,21.637833009218028,0.8530282637954238,1.0,1.0,0,1,,,nan,nan,nan,0
5,36,21.637833009218028,0.8530282637954238,1.0,1.0,0,1,,,nan,nan,nan,0
5,37,21.637833009218028,0.8530282637954238,1.0,1.0,0,1,,,nan,nan,nan,0
5,38,21.920470963457593,0.8417227456258412,1.0,1.0,0,1,,,nan,nan,nan,0
5,39,21.920470963457593,0.8417227456258412,1.0,1.0,0,1,,,nan,nan,nan,0
5,40,21.920470963457593,0.8417227456258412,1.0,1.0,0,1,,,nan,nan,nan,0
5,41,21.920470963457593,0.8417227456258412,1.0,1.0,0,1,,,nan,nan,nan,0
5,42,21.920470963457593,0.8417227456258412,1.0,1.0,0,1,,,nan,nan,nan,0
5,43,21.920470963457593,0.8417227456258412,1.0,1.0,0,1,,,nan,nan,nan,0
5,44,21.920470963457593,0.8417227456258412,1.0,1.0,0,1,,,nan,nan,nan,0
5,45,21.920470963457593,0.8417227456258412,1.0,1.0,0,1,,,nan,nan,nan,0
5,46,21.920470963457593,0.8417227456258412,1.0,1.0,0,1,,,nan,nan,nan,0
5,47,21.920470963457593,0.8417227456258412,1.0,1.0,0,1,,,nan,nan,nan,0
5,48,21.920470963457593,0.8417227456258412,1.0,1.0,0,1,,,nan,nan,nan,0
5,49,21.920470963457593,0.8417227456258412,1.0,1.0,0,1,,,nan,nan,nan,0
5,50,21.920470963457593,0.8417227456258412,1.0,1.0,0,1,,,nan,nan,nan,0
5,51,21.920470963457593,0.8417227456258412,1.0,1.0,0,1,,,nan,nan,nan,0
5,52,21.920470963457593,0.8417227456258412,1.0,1.0,0,1,,,nan,nan,nan,0
5,53,21.920470963457593,0.8417227456258412,1.0,1.0,0,1,,,nan,nan,nan,0
5,54,21.920470963457593,0.8417227456258412,1.0,1.0,0,1,,,nan,nan,nan,0
5,55,21.920470963457593,0.8417227456258412,1.0,1.0,0,1,,,nan,nan,nan,0
5,56,21.920470963457593,0.8417227456258412,1.0,1.0,0,1,,,nan,nan,nan,0
5,57,21.920470963457593,0.8417227456258412,1.0,1.0,0,1,,,nan,nan,nan,0
5,58,21.920470963457593,0.8417227456258412,1.0,1.0,0,1,,,nan,nan,nan,0
5,59,21.920470963457593,0.8417227456258412,1.0,1.0,0,1,,,nan,nan,nan,0
5,60,21.920470963457593,0.8417227456258412,1.0,1.0,0,1,,,nan,nan,nan,0
5,61,21.920470963457593,0.8417227456258412,1.0,1.0,0,1,,,nan,nan,nan,0
5,62,21.920470963457593,0.8417227456258412,1.0,1.0,0,1,,,nan,nan,nan,0
5,63,21.920470963457593,0.8417227456258412,1.0,1.0,0,1,,,nan,nan,nan,0
5,64,21.920470963457593,0.8417227456258412,1.0,1.0,0,1,,,nan,nan,nan,0
5,65,21.920470963457593,0.8417227456258412,1.0,1.0,0,1,,,nan,nan,nan,0
5,66,21.920470963457593,0.8417227456258412,1.0,1.0,0,1,,,nan,nan,nan,0
5,67,21.920470963457593,0.8417227456258412,1.0,1.0,0,1,,,nan,nan,nan,0
5,68,21.920470963457593,0.8417227456258412,1.0,1.0,0,1,,,nan,nan,nan,0
5,69,21.920470963457593,0.8417227456258412,1.0,1.0,0,1,,,nan,nan,nan,0
5,70,21.920470963457593,0.8417227456258412,1.0,1.0,0,1,,,nan,nan,nan,0
5,71,21.920470963457593,0.8417227456258412,1.0,1.0,0,1,,,nan,nan,nan,0
5,72,21.920470963457593,0.8417227456258412,1.0,1.0,0,1,,,nan,nan,nan,0
5,73,21.920470963457593,0.8417227456258412,1.0,1.0,0,1,,,nan,nan,nan,0
5,74,21.920470963457593,0.8417227456258412,1.0,1.0,0,1,,,nan,nan,nan,0
5,75,21.920470963457593,0.8417227456258412,1.0,1.0,0,1,,,nan,nan,nan,0
5,76,21.920470963457593,0.8417227456258412,1.0,1.0,0,1,,,nan,nan,nan,0
5,77,21.920470963457593,0.8417227456258412,1.0,1.0,0,1,,,nan,nan,nan,0
5,78,21.920470963457593,0.8417227456258412,1.0,1.0,0,1,,,nan,nan,nan,0
5,79,21.920470963457593,0.8417227456258412,1.0,1.0,0,1,,,nan,nan,nan,0
5,80,21.920470963457593,0.8417227456258412,1.0,1.0,0,1,,,nan,nan,nan,0
5,81,21.920470963457593,0.8417227456258412,1.0,1.0,0,1,,,nan,nan,nan,0
5,82,21.920470963457593,0.8417227456258412,1.0,1.0,0,1,,,nan,nan,nan,0
5,83,21.920470963457593,0.8417227456258412,1.0,1.0,0,1,,,nan,nan,nan,0
5,84,21.920470963457593,0.8417227456258412,1.0,1.0,0,1,,,nan,nan,nan,0
5,85,21.920470963457593,0.8417227456258412,1.0,1.0,0,1,,,nan,nan,nan,0
5,86,21.920470963457593,0.8417227456258412,1.0,1.0,0,1,,,nan,nan,nan,0
5,87,21.920470963457593,0.8417227456258412,1.0,1.0,0,1,,,nan,nan,nan,0
5,88,21.920470963457593,0.8417227456258412,1.0,1.0,0,1,,,nan,nan,nan,0
5,89,21.920470963457593,0.8417227456258412,1.0,1.0,0,1,,,nan,nan,nan,0
5,90,21.920470963457593,0.8417227456258412,1.0,1.0,0,1,,,nan,nan,nan,0
5,91,21.920470963457593,0.8417227456258412,1.0,1.0,0,1,,,nan,nan,nan,0
5,92,21.920470963457593,0.8417227456258412,1.0,1.0,0,1,,,nan,nan,nan,0
5,93,21.920470963457593,0.8417227456258412,1.0,1.0,0,1,,,nan,nan,nan,0
5,94,21.920470963457593,0.8417227456258412,1.0,1.0,0,1,,,nan,nan,nan,0
5,95,21.920470963457593,0.8417227456258412,1.0,1.0,0,1,,,nan,nan,nan,0
5,96,21.920470963457593,0.8417227456258412,1.0,1.0,0,1,,,nan,nan,nan,0
5,97,21.920470963457593,0.8417227456258412,1.0,1.0,0,1,,,nan,nan,nan,0
5,98,22.20310891769716,0.8304172274562585,1.0,1.0,0,1,,,nan,nan,nan,0
5,99,22.20310891769716,0.8304172274562585,1.0,1.0,0,1,,,nan,nan,nan,0
5,100,22.20310891769716,0.8304172274562585,1.0,1.0,0,1,,,nan,nan,nan,0
5,101,22.20310891769716,0.8304172274562585,1.0,1.0,0,1,,,nan,nan,nan,0
5,102,22.20310891769716,0.8304172274562585,1.0,1.0,0,1,,,nan,nan,nan,0
5,103,22.20310891769716,0.8304172274562585,1.0,1.0,0,1,,,nan,nan,nan,0
5,104,22.20310891769716,0.8304172274562585,1.0,1.0,0,1,,,nan,nan,nan,0
5,105,22.20310891769716,0.8304172274562585,1.0,1.0,0,1,,,nan,nan,nan,0
5,106,22.20310891769716,0.8304172274562585,1.0,1.0,0,1,,,nan,nan,nan,0
5,107,22.20310891769716,0.8304172274562585,1.0,1.0,0,1,,,nan,nan,nan,0
5,108,22.20310891769716,0.8304172274562585,1.0,1.0,0,1,,,nan,nan,nan,0
5,109,22.20310891769716,0.8304172274562585,1.0,1.0,0,1,,,nan,nan,nan,0
5,110,22.20310891769716,0.8304172274562585,1.0,1.0,0,1,,,nan,nan,nan,0
5,111,22.20310891769716,0.8304172274562585,1.0,1.0,0,1,,,nan,nan,nan,0
5,112,22.20310891769716,0.8304172274562585,1.0,1.0,0,1,,,nan,nan,nan,0
5,113,22.20310891769716,0.8304172274562585,1.0,1.0,0,1,,,nan,nan,nan,0
5,114,22.20310891769716,0.8304172274562585,1.0,1.0,0,1,,,nan,nan,nan,0
5,115,22.20310891769716,0.8304172274562585,1.0,1.0,0,1,,,nan,nan,nan,0
5,116,22.20310891769716,0.8304172274562585,1.0,1.0,0,1,,,nan,nan,nan,0
5,117,22.20310891769716,0.8304172274562585,1.0,1.0,0,1,,,nan,nan,nan,0
5,118,22.20310891769716,0.8304172274562585,1.0,1.0,0,1,,,nan,nan,nan,0
5,119,22.20310891769716,0.8304172274562585,1.0,1.0,0,1,,,nan,nan,nan,0
5,120,22.20310891769716,0.8304172274562585,1.0,1.0,0,1,,,nan,nan,nan,0
6,1,18.763876990194394,0.9886944818304173,1.0,1.0,0,1,,,nan,nan,nan,0
6,2,19.046514944433966,0.9773889636608344,1.0,1.0,0,1,,,nan,nan,nan,0
6,3,19.329152898673534,0.9660834454912516,1.0,1.0,0,1,,,nan,nan,nan,0
6,4,19.611790852913103,0.9547779273216689,1.0,1.0,0,1,,,nan,nan,nan,0
6,5,19.89442880715267,0.9434724091520862,1.0,1.0,0,1,,,nan,nan,nan,0
6,6,20.17706676139224,0.9321668909825034,1.0,1.0,0,1,,,nan,nan,nan,0
6,7,20.459704715631812,0.9208613728129206,1.0,1.0,0,1,,,nan,nan,nan,0
6,8,20.742342669871384,0.9095558546433378,1.0,1.0,0,1,,,nan,nan,nan,0
6,9,21.024980624110952,0.898250336473755,1.0,1.0,0,1,,,nan,nan,nan,0
6,10,21.30761857835052,0.8869448183041723,1.0,1.0,0,1,,,nan,nan,nan,0
6,11,21.590256532590086,0.8756393001345896,1.0,1.0,0,1,,,nan,nan,nan,0
6,12,21.872894486829658,0.8643337819650068,1.0,1.0,0,1,,,nan,nan,nan,0
6,13,22.155532441069226,0.853028263795424,1.0,1.0,0,1,,,nan,nan,nan,0
6,14,22.15553244106923,0.8530282637954238,1.0,1.0,0,1,,,nan,nan,nan,0
6,15,22.15553244106923,0.8530282637954238,1.0,1.0,0,1,,,nan,nan,nan,0
6,16,22.15553244106923,0.8530282637954238,1.0,1.0,0,1,,,nan,nan,nan,0
6,17,22.15553244106923,0.8530282637954238,1.0,1.0,0,1,,,nan,nan,nan,0
6,18,22.15553244106923,0.8530282637954238,1.0,1.0,0,1,,,nan,nan,nan,0
6,19,22.15553244106923,0.8530282637954238,1.0,1.0,0,1,,,nan,nan,nan,0
6,20,22.15553244106923,0.8530282637954238,1.0,1.0,0,1,,,nan,nan,nan,0
6,21,22.15553244106923,0.8530282637954238,1.0,1.0,0,1,,,nan,nan,nan,0
6,22,22.15553244106923,0.8530282637954238,1.0,1.0,0,1,,,nan,nan,nan,0
6,23,22.15553244106923,0.8530282637954238,1.0,1.0,0,1,,,nan,nan,nan,0
6,24,22.15553244106923,0.8530282637954238,1.0,1.0,0,1,,,nan,nan,nan,0
6,25,22.15553244106923,0.8530282637954238,1.0,1.0,0,1,,,nan,nan,nan,0
6,26,22.15553244106923,0.8530282637954238,1.0,1.0,0,1,,,nan,nan,nan,0
6,27,22.15553244106923,0.8530282637954238,1.0,1.0,0,1,,,nan,nan,nan,0
6,28,22.15553244106923,0.8530282637954238,1.0,1.0,0,1,,,nan,nan,nan,0
6,29,22.15553244106923,0.8530282637954238,1.0,1.0,0,1,,,nan,nan,nan,0
6,30,22.15553244106923,0.8530282637954238,1.0,1.0,0,1,,,nan,nan,nan,0
6,31,22.15553244106923,0.8530282637954238,1.0,1.0,0,1,,,nan,nan,nan,0
6,32,22.15553244106923,0.8530282637954238,1.0,1.0,0,1,,,nan,nan,nan,0
6,33,22.15553244106923,0.8530282637954238,1.0,1.0,0,1,,,nan,nan,nan,0
6,34,22.15553244106923,0.8530282637954238,1.0,1.0,0,1,,,nan,nan,nan,0
6,35,22.15553244106923,0.8530282637954238,1.0,1.0,0,1,,,nan,nan,nan,0
6,36,22.15553244106923,0.8530282637954238,1.0,1.0,0,1,,,nan,nan,nan,0
6,37,22.15553244106923,0.8530282637954238,1.0,1.0,0,1,,,nan,nan,nan,0
6,38,22.15553244106923,0.8530282637954238,1.0,1.0,0,1,,,nan,nan,nan,0
6,39,22.438170395308795,0.8417227456258412,1.0,1.0,0,1,,,nan,nan,nan,0
6,40,22.438170395308795,0.8417227456258412,1.0,1.0,0,1,,,nan,nan,nan,0
6,41,22.438170395308795,0.8417227456258412,1.0,1.0,0,1,,,nan,nan,nan,0
6,42,22.438170395308795,0.8417227456258412,1.0,1.0,0,1,,,nan,nan,nan,0
6,43,22.438170395308795,0.8417227456258412,1.0,1.0,0,1,,,nan,nan,nan,0
6,44,22.438170395308795,0.8417227456258412,1.0,1.0,0,1,,,nan,nan,nan,0
6,45,22.438170395308795,0.8417227456258412,1.0,1.0,0,1,,,nan,nan,nan,0
6,46,22.438170395308795,0.8417227456258412,1.0,1.0,0,1,,,nan,nan,nan,0
6,47,22.438170395308795,0.8417227456258412,1.0,1.0,0,1,,,nan,nan,nan,0
6,48,22.438170395308795,0.8417227456258412,1.0,1.0,0,1,,,nan,nan,nan,0
6,49,22.438170395308795,0.8417227456258412,1.0,1.0,0,1,,,nan,nan,nan,0
6,50,22.438170395308795,0.8417227456258412,1.0,1.0,0,1,,,nan,nan,nan,0
6,51,22.438170395308795,0.8417227456258412,1.0,1.0,0,1,,,nan,nan,nan,0
6,52,22.438170395308795,0.8417227456258412,1.0,1.0,0,1,,,nan,nan,nan,0
6,53,22.438170395308795,0.8417227456258412,1.0,1.0,0,1,,,nan,nan,nan,0
6,54,22.438170395308795,0.8417227456258412,1.0,1.0,0,1,,,nan,nan,nan,0
6,55,22.438170395308795,0.8417227456258412,1.0,1.0,0,1,,,nan,nan,nan,0
6,56,22.438170395308795,0.8417227456258412,1.0,1.0,0,1,,,nan,nan,nan,0
6,57,22.438170395308795,0.8417227456258412,1.0,1.0,0,1,,,nan,nan,nan,0
6,58,22.438170395308795,0.8417227456258412,1.0,1.0,0,1,,,nan,nan,nan,0
6,59,22.438170395308795,0.8417227456258412,1.0,1.0,0,1,,,nan,nan,nan,0
6,60,22.438170395308795,0.8417227456258412,1.0,1.0,0,1,,,nan,nan,nan,0
6,61,22.438170395308795,0.8417227456258412,1.0,1.0,0,1,,,nan,nan,nan,0
6,62,22.438170395308795,0.8417227456258412,1.0,1.0,0,1,,,nan,nan,nan,0
6,63,22.438170395308795,0.8417227456258412,1.0,1.0,0,1,,,nan,nan,nan,0
6,64,22.438170395308795,0.8417227456258412,1.0,1.0,0,1,,,nan,nan,nan,0
6,65,22.438170395308795,0.8417227456258412,1.0,1.0,0,1,,,nan,nan,nan,0
6,66,22.438170395308795,0.8417227456258412,1.0,1.0,0,1,,,nan,nan,nan,0
6,67,22.438170395308795,0.8417227456258412,1.0,1.0,0,1,,,nan,nan,nan,0
6,68,22.438170395308795,0.8417227456258412,1.0,1.0,0,1,,,nan,nan,nan,0
6,69,22.438170395308795,0.8417227456258412,1.0,1.0,0,1,,,nan,nan,nan,0
6,70,22.438170395308795,0.8417227456258412,1.0,1.0,0,1,,,nan,nan,nan,0
6,71,22.438170395308795,0.8417227456258412,1.0,1.0,0,1,,,nan,nan,nan,0
6,72,22.438170395308795,0.8417227456258412,1.0,1.0,0,1,,,nan,nan,nan,0
6,73,22.438170395308795,0.8417227456258412,1.0,1.0,0,1,,,nan,nan,nan,0
6,74,22.438170395308795,0.8417227456258412,1.0,1.0,0,1,,,nan,nan,nan,0
6,75,22.438170395308795,0.8417227456258412,1.0,1.0,0,1,,,nan,nan,nan,0
6,76,22.438170395308795,0.8417227456258412,1.0,1.0,0,1,,,nan,nan,nan,0
6,77,22.438170395308795,0.8417227456258412,1.0,1.0,0,1,,,nan,nan,nan,0
6,78,22.438170395308795,0.8417227456258412,1.0,1.0,0,1,,,nan,nan,nan,0
6,79,22.438170395308795,0.8417227456258412,1.0,1.0,0,1,,,nan,nan,nan,0
6,80,22.438170395308795,0.8417227456258412,1.0,1.0,0,1,,,nan,nan,nan,0
6,81,22.438170395308795,0.8417227456258412,1.0,1.0,0,1,,,nan,nan,nan,0
6,82,22.438170395308795,0.8417227456258412,1.0,1.0,0,1,,,nan,nan,nan,0
6,83,22.438170395308795,0.8417227456258412,1.0,1.0,0,1,,,nan,nan,nan,0
6,84,22.438170395308795,0.8417227456258412,1.0,1.0,0,1,,,nan,nan,nan,0
6,85,22.438170395308795,0.8417227456258412,1.0,1.0,0,1,,,nan,nan,nan,0
6,86,22.438170395308795,0.8417227456258412,1.0,1.0,0,1,,,nan,nan,nan,0
6,87,22.438170395308795,0.8417227456258412,1.0,1.0,0,1,,,nan,nan,nan,0
6,88,22.438170395308795,0.8417227456258412,1.0,1.0,0,1,,,nan,nan,nan,0
6,89,22.438170395308795,0.8417227456258412,1.0,1.0,0,1,,,nan,nan,nan,0
6,90,22.438170395308795,0.8417227456258412,1.0,1.0,0,1,,,nan,nan,nan,0
6,91,22.438170395308795,0.8417227456258412,1.0,1.0,0,1,,,nan,nan,nan,0
6,92,22.438170395308795,0.8417227456258412,1.0,1.0,0,1,,,nan,nan,nan,0
6,93,22.438170395308795,0.8417227456258412,1.0,1.0,0,1,,,nan,nan,nan,0
6,94,22.438170395308795,0.8417227456258412,1.0,1.0,0,1,,,nan,nan,nan,0
6,95,22.438170395308795,0.8417227456258412,1.0,1.0,0,1,,,nan,nan,nan,0
6,96,22.438170395308795,0.8417227456258412,1.0,1.0,0,1,,,nan,nan,nan,0
6,97,22.438170395308795,0.8417227456258412,1.0,1.0,0,1,,,nan,nan,nan,0
6,98,22.438170395308795,0.8417227456258412,1.0,1.0,0,1,,,nan,nan,nan,0
6,99,22.720808349548363,0.8304172274562585,1.0,1.0,0,1,,,nan,nan,nan,0
6,100,22.720808349548363,0.8304172274562585,1.0,1.0,0,1,,,nan,nan,nan,0
6,101,22.720808349548363,0.8304172274562585,1.0,1.0,0,1,,,nan,nan,nan,0
6,102,22.720808349548363,0.8304172274562585,1.0,1.0,0,1,,,nan,nan,nan,0
6,103,22.720808349548363,0.8304172274562585,1.0,1.0,0,1,,,nan,nan,nan,0
6,104,22.720808349548363,0.8304172274562585,1.0,1.0,0,1,,,nan,nan,nan,0
6,105,22.720808349548363,0.8304172274562585,1.0,1.0,0,1,,,nan,nan,nan,0
6,106,22.720808349548363,0.8304172274562585,1.0,1.0,0,1,,,nan,nan,nan,0
6,107,22.720808349548363,0.8304172274562585,1.0,1.0,0,1,,,nan,nan,nan,0
6,108,22.720808349548363,0.8304172274562585,1.0,1.0,0,1,,,nan,nan,nan,0
6,109,22.720808349548363,0.8304172274562585,1.0,1.0,0,1,,,nan,nan,nan,0
6,110,22.720808349548363,0.8304172274562585,1.0,1.0,0,1,,,nan,nan,nan,0
6,111,22.720808349548363,0.8304172274562585,1.0,1.0,0,1,,,nan,nan,nan,0
6,112,22.720808349548363,0.8304172274562585,1.0,1.0,0,1,,,nan,nan,nan,0
6,113,22.720808349548363,0.8304172274562585,1.0,1.0,0,1,,,nan,nan,nan,0
6,114,22.720808349548363,0.8304172274562585,1.0,1.0,0,1,,,nan,nan,nan,0
6,115,22.720808349548363,0.8304172274562585,1.0,1.0,0,1,,,nan,nan,nan,0
6,116,22.720808349548363,0.8304172274562585,1.0,1.0,0,1,,,nan,nan,nan,0
6,117,22.720808349548363,0.8304172274562585,1.0,1.0,0,1,,,nan,nan,nan,0
6,118,22.720808349548363,0.8304172274562585,1.0,1.0,0,1,,,nan,nan,nan,0
6,119,22.720808349548363,0.8304172274562585,1.0,1.0,0,1,,,nan,nan,nan,0
6,120,22.720808349548363,0.8304172274562585,1.0,1.0,0,1,,,nan,nan,nan,0
7,1,19.76452163621978,0.9886944818304173,1.0,1.0,0,1,,,nan,nan,nan,0
7,2,20.04715959045935,0.9773889636608344,1.0,1.0,0,1,,,nan,nan,nan,0
7,3,20.329797544698923,0.9660834454912516,1.0,1.0,0,1,,,nan,nan,nan,0
7,4,20.61243549893849,0.9547779273216689,1.0,1.0,0,1,,,nan,nan,nan,0
7,5,20.895073453178057,0.9434724091520862,1.0,1.0,0,1,,,nan,nan,nan,0
7,6,21.17771140741763,0.9321668909825034,1.0,1.0,0,1,,,nan,nan,nan,0
7,7,21.460349361657197,0.9208613728129206,1.0,1.0,0,1,,,nan,nan,nan,0
7,8,21.74298731589677,0.9095558546433378,1.0,1.0,0,1,,,nan,nan,nan,0
7,9,22.025625270136338,0.898250336473755,1.0,1.0,0,1,,,nan,nan,nan,0
7,10,22.308263224375906,0.8869448183041723,1.0,1.0,0,1,,,nan,nan,nan,0
7,11,22.590901178615475,0.8756393001345896,1.0,1.0,0,1,,,nan,nan,nan,0
7,12,22.873539132855043,0.8643337819650068,1.0,1.0,0,1,,,nan,nan,nan,0
7,13,23.156177087094612,0.853028263795424,1.0,1.0,0,1,,,nan,nan,nan,0
7,14,23.156177087094616,0.8530282637954238,1.0,1.0,0,1,,,nan,nan,nan,0
7,15,23.156177087094616,0.8530282637954238,1.0,1.0,0,1,,,nan,nan,nan,0
7,16,23.156177087094616,0.8530282637954238,1.0,1.0,0,1,,,nan,nan,nan,0
7,17,23.156177087094616,0.8530282637954238,1.0,1.0,0,1,,,nan,nan,nan,0
7,18,23.156177087094616,0.8530282637954238,1.0,1.0,0,1,,,nan,nan,nan,0
7,19,23.156177087094616,0.8530282637954238,1.0,1.0,0,1,,,nan,nan,nan,0
7,20,23.156177087094616,0.8530282637954238,1.0,1.0,0,1,,,nan,nan,nan,0
7,21,23.156177087094616,0.8530282637954238,1.0,1.0,0,1,,,nan,nan,nan,0
7,22,23.156177087094616,0.8530282637954238,1.0,1.0,0,1,,,nan,nan,nan,0
7,23,23.156177087094616,0.8530282637954238,1.0,1.0,0,1,,,nan,nan,nan,0
7,24,23.156177087094616,0.8530282637954238,1.0,1.0,0,1,,,nan,nan,nan,0
7,25,23.156177087094616,0.8530282637954238,1.0,1.0,0,1,,,nan,nan,nan,0
7,26,23.156177087094616,0.8530282637954238,1.0,1.0,0,1,,,nan,nan,nan,0
7,27,23.156177087094616,0.8530282637954238,1.0,1.0,0,1,,,nan,nan,nan,0
7,28,23.156177087094616,0.8530282637954238,1.0,1.0,0,1,,,nan,nan,nan,0
7,29,23.156177087094616,0.8530282637954238,1.0,1.0,0,1,,,nan,nan,nan,0
7,30,23.156177087094616,0.8530282637954238,1.0,1.0,0,1,,,nan,nan,nan,0
7,31,23.156177087094616,0.8530282637954238,1.0,1.0,0,1,,,nan,nan,nan,0
7,32,23.156177087094616,0.8530282637954238,1.0,1.0,0,1,,,nan,nan,nan,0
7,33,23.156177087094616,0.8530282637954238,1.0,1.0,0,1,,,nan,nan,nan,0
7,34,23.156177087094616,0.8530282637954238,1.0,1.0,0,1,,,nan,nan,nan,0
7,35,23.156177087094616,0.8530282637954238,1.0,1.0,0,1,,,nan,nan,nan,0
7,36,23.156177087094616,0.8530282637954238,1.0,1.0,0,1,,,nan,nan,nan,0
7,37,23.156177087094616,0.8530282637954238,1.0,1.0,0,1,,,nan,nan,nan,0
7,38,23.438815041334184,0.8417227456258412,1.0,1.0,0,1,,,nan,nan,nan,0
7,39,23.438815041334184,0.8417227456258412,1.0,1.0,0,1,,,nan,nan,nan,0
7,40,23.438815041334184,0.8417227456258412,1.0,1.0,0,1,,,nan,nan,nan,0
7,41,23.438815041334184,0.8417227456258412,1.0,1.0,0,1,,,nan,nan,nan,0
7,42,23.438815041334184,0.8417227456258412,1.0,1.0,0,1,,,nan,nan,nan,0
7,43,23.438815041334184,0.8417227456258412,1.0,1.0,0,1,,,nan,nan,nan,0
7,44,23.438815041334184,0.8417227456258412,1.0,1.0,0,1,,,nan,nan,nan,0
7,45,23.438815041334184,0.8417227456258412,1.0,1.0,0,1,,,nan,nan,nan,0
7,46,23.438815041334184,0.8417227456258412,1.0,1.0,0,1,,,nan,nan,nan,0
7,47,23.438815041334184,0.8417227456258412,1.0,1.0,0,1,,,nan,nan,nan,0
7,48,23.438815041334184,0.8417227456258412,1.0,1.0,0,1,,,nan,nan,nan,0
7,49,23.438815041334184,0.8417227456258412,1.0,1.0,0,1,,,nan,nan,nan,0
7,50,23.438815041334184,0.8417227456258412,1.0,1.0,0,1,,,nan,nan,nan,0
7,51,23.438815041334184,0.8417227456258412,1.0,1.0,0,1,,,nan,nan,nan,0
7,52,23.438815041334184,0.8417227456258412,1.0,1.0,0,1,,,nan,nan,nan,0
7,53,23.438815041334184,0.8417227456258412,1.0,1.0,0,1,,,nan,nan,nan,0
7,54,23.438815041334184,0.8417227456258412,1.0,1.0,0,1,,,nan,nan,nan,0
7,55,23.438815041334184,0.8417227456258412,1.0,1.0,0,1,,,nan,nan,nan,0
7,56,23.438815041334184,0.8417227456258412,1.0,1.0,0,1,,,nan,nan,nan,0
7,57,23.438815041334184,0.8417227456258412,1.0,1.0,0,1,,,nan,nan,nan,0
7,58,23.438815041334184,0.8417227456258412,1.0,1.0,0,1,,,nan,nan,nan,0
7,59,23.438815041334184,0.8417227456258412,1.0,1.0,0,1,,,nan,nan,nan,0
7,60,23.438815041334184,0.8417227456258412,1.0,1.0,0,1,,,nan,nan,nan,0
7,61,23.438815041334184,0.8417227456258412,1.0,1.0,0,1,,,nan,nan,nan,0
7,62,23.438815041334184,0.8417227456258412,1.0,1.0,0,1,,,nan,nan,nan,0
7,63,23.438815041334184,0.8417227456258412,1.0,1.0,0,1,,,nan,nan,nan,0
7,64,23.438815041334184,0.8417227456258412,1.0,1.0,0,1,,,nan,nan,nan,0
7,65,23.438815041334184,0.8417227456258412,1.0,1.0,0,1,,,nan,nan,nan,0
7,66,23.438815041334184,0.8417227456258412,1.0,1.0,0,1,,,nan,nan,nan,0
7,67,23.438815041334184,0.8417227456258412,1.0,1.0,0,1,,,nan,nan,nan,0
7,68,23.438815041334184,0.8417227456258412,1.0,1.0,0,1,,,nan,nan,nan,0
7,69,23.438815041334184,0.8417227456258412,1.0,1.0,0,1,,,nan,nan,nan,0
7,70,23.438815041334184,0.8417227456258412,1.0,1.0,0,1,,,nan,nan,nan,0
7,71,23.438815041334184,0.8417227456258412,1.0,1.0,0,1,,,nan,nan,nan,0
7,72,23.438815041334184,0.8417227456258412,1.0,1.0,0,1,,,nan,nan,nan,0
7,73,23.438815041334184,0.8417227456258412,1.0,1.0,0,1,,,nan,nan,nan,0
7,74,23.438815041334184,0.8417227456258412,1.0,1.0,0,1,,,nan,nan,nan,0
7,75,23.438815041334184,0.8417227456258412,1.0,1.0,0,1,,,nan,nan,nan,0
7,76,23.438815041334184,0.8417227456258412,1.0,1.0,0,1,,,nan,nan,nan,0
7,77,23.438815041334184,0.8417227456258412,1.0,1.0,0,1,,,nan,nan,nan,0
7,78,23.438815041334184,0.8417227456258412,1.0,1.0,0,1,,,nan,nan,nan,0
7,79,23.438815041334184,0.8417227456258412,1.0,1.0,0,1,,,nan,nan,nan,0
7,80,23.438815041334184,0.8417227456258412,1.0,1.0,0,1,,,nan,nan,nan,0
7,81,23.438815041334184,0.8417227456258412,1.0,1.0,0,1,,,nan,nan,nan,0
7,82,23.438815041334184,0.8417227456258412,1.0,1.0,0,1,,,nan,nan,nan,0
7,83,23.438815041334184,0.8417227456258412,1.0,1.0,0,1,,,nan,nan,nan,0
7,84,23.438815041334184,0.8417227456258412,1.0,1.0,0,1,,,nan,nan,nan,0
7,85,23.438815041334184,0.8417227456258412,1.0,1.0,0,1,,,nan,nan,nan,0
7,86,23.438815041334184,0.8417227456258412,1.0,1.0,0,1,,,nan,nan,nan,0
7,87,23.438815041334184,0.8417227456258412,1.0,1.0,0,1,,,nan,nan,nan,0
7,88,23.438815041334184,0.8417227456258412,1.0,1.0,0,1,,,nan,nan,nan,0
7,89,23.438815041334184,0.8417227456258412,1.0,1.0,0,1,,,nan,nan,nan,0
7,90,23.438815041334184,0.8417227456258412,1.0,1.0,0,1,,,nan,nan,nan,0
7,91,23.438815041334184,0.8417227456258412,1.0,1.0,0,1,,,nan,nan,nan,0
7,92,23.438815041334184,0.8417227456258412,1.0,1.0,0,1,,,nan,nan,nan,0
7,93,23.438815041334184,0.8417227456258412,1.0,1.0,0,1,,,nan,nan,nan,0
7,94,23.438815041334184,0.8417227456258412,1.0,1.0,0,1,,,nan,nan,nan,0
7,95,23.438815041334184,0.8417227456258412,1.0,1.0,0,1,,,nan,nan,nan,0
7,96,23.438815041334184,0.8417227456258412,1.0,1.0,0,1,,,nan,nan,nan,0
7,97,23.721452995573753,0.8304172274562585,1.0,1.0,0,1,,,nan,nan,nan,0
7,98,23.721452995573753,0.8304172274562585,1.0,1.0,0,1,,,nan,nan,nan,0
7,99,23.721452995573753,0.8304172274562585,1.0,1.0,0,1,,,nan,nan,nan,0
7,100,23.721452995573753,0.8304172274562585,1.0,1.0,0,1,,,nan,nan,nan,0
7,101,23.721452995573753,0.8304172274562585,1.0,1.0,0,1,,,nan,nan,nan,0
7,102,23.721452995573753,0.8304172274562585,1.0,1.0,0,1,,,nan,nan,nan,0
7,103,23.721452995573753,0.8304172274562585,1.0,1.0,0,1,,,nan,nan,nan,0
7,104,23.721452995573753,0.8304172274562585,1.0,1.0,0,1,,,nan,nan,nan,0
7,105,23.721452995573753,0.8304172274562585,1.0,1.0,0,1,,,nan,nan,nan,0
7,106,23.721452995573753,0.8304172274562585,1.0,1.0,0,1,,,nan,nan,nan,0
7,107,23.721452995573753,0.8304172274562585,1.0,1.0,0,1,,,nan,nan,nan,0
7,108,23.721452995573753,0.8304172274562585,1.0,1.0,0,1,,,nan,nan,nan,0
7,109,23.721452995573753,0.8304172274562585,1.0,1.0,0,1,,,nan,nan,nan,0
7,110,23.721452995573753,0.8304172274562585,1.0,1.0,0,1,,,nan,nan,nan,0
7,111,23.721452995573753,0.8304172274562585,1.0,1.0,0,1,,,nan,nan,nan,0
7,112,23.721452995573753,0.8304172274562585,1.0,1.0,0,1,,,nan,nan,nan,0
7,113,23.721452995573753,0.8304172274562585,1.0,1.0,0,1,,,nan,nan,nan,0
7,114,23.721452995573753,0.8304172274562585,1.0,1.0,0,1,,,nan,nan,nan,0
7,115,23.721452995573753,0.8304172274562585,1.0,1.0,0,1,,,nan,nan,nan,0
7,116,23.721452995573753,0.8304172274562585,1.0,1.0,0,1,,,nan,nan,nan,0
7,117,23.721452995573753,0.8304172274562585,1.0,1.0,0,1,,,nan,nan,nan,0
7,118,23.721452995573753,0.8304172274562585,1.0,1.0,0,1,,,nan,nan,nan,0
7,119,23.721452995573753,0.8304172274562585,1.0,1.0,0,1,,,nan,nan,nan,0
7,120,23.721452995573753,0.8304172274562585,1.0,1.0,0,1,,,nan,nan,nan,0
8,1,19.438529954472067,0.9886944818304173,1.0,1.0,0,1,,,nan,nan,nan,0
8,2,19.72116790871164,0.9773889636608344,1.0,1.0,0,1,,,nan,nan,nan,0
8,3,20.00380586295121,0.9660834454912516,1.0,1.0,0,1,,,nan,nan,nan,0
8,4,20.286443817190776,0.9547779273216689,1.0,1.0,0,1,,,nan,nan,nan,0
8,5,20.569081771430344,0.9434724091520862,1.0,1.0,0,1,,,nan,nan,nan,0
8,6,20.851719725669913,0.9321668909825034,1.0,1.0,0,1,,,nan,nan,nan,0
8,7,21.134357679909485,0.9208613728129206,1.0,1.0,0,1,,,nan,nan,nan,0
8,8,21.416995634149053,0.9095558546433378,1.0,1.0,0,1,,,nan,nan,nan,0
8,9,21.699633588388625,0.898250336473755,1.0,1.0,0,1,,,nan,nan,nan,0
8,10,21.98227154262819,0.8869448183041723,1.0,1.0,0,1,,,nan,nan,nan,0
8,11,22.26490949686776,0.8756393001345896,1.0,1.0,0,1,,,nan,nan,nan,0
8,12,22.547547451107327,0.8643337819650068,1.0,1.0,0,1,,,nan,nan,nan,0
8,13,22.8301854053469,0.853028263795424,1.0,1.0,0,1,,,nan,nan,nan,0
8,14,22.830185405346903,0.8530282637954238,1.0,1.0,0,1,,,nan,nan,nan,0
8,15,22.830185405346903,0.8530282637954238,1.0,1.0,0,1,,,nan,nan,nan,0
8,16,22.830185405346903,0.8530282637954238,1.0,1.0,0,1,,,nan,nan,nan,0
8,17,22.830185405346903,0.8530282637954238,1.0,1.0,0,1,,,nan,nan,nan,0
8,18,22.830185405346903,0.8530282637954238,1.0,1.0,0,1,,,nan,nan,nan,0
8,19,22.830185405346903,0.8530282637954238,1.0,1.0,0,1,,,nan,nan,nan,0
8,20,22.830185405346903,0.8530282637954238,1.0,1.0,0,1,,,nan,nan,nan,0
8,21,22.830185405346903,0.8530282637954238,1.0,1.0,0,1,,,nan,nan,nan,0
8,22,22.830185405346903,0.8530282637954238,1.0,1.0,0,1,,,nan,nan,nan,0
8,23,22.830185405346903,0.8530282637954238,1.0,1.0,0,1,,,nan,nan,nan,0
8,24,22.830185405346903,0.8530282637954238,1.0,1.0,0,1,,,nan,nan,nan,0
8,25,22.830185405346903,0.8530282637954238,1.0,1.0,0,1,,,nan,nan,nan,0
8,26,22.830185405346903,0.8530282637954238,1.0,1.0,0,1,,,nan,nan,nan,0
8,27,22.830185405346903,0.8530282637954238,1.0,1.0,0,1,,,nan,nan,nan,0
8,28,22.830185405346903,0.8530282637954238,1.0,1.0,0,1,,,nan,nan,nan,0
8,29,22.830185405346903,0.8530282637954238,1.0,1.0,0,1,,,nan,nan,nan,0
8,30,22.830185405346903,0.8530282637954238,1.0,1.0,0,1,,,nan,nan,nan,0
8,31,22.830185405346903,0.8530282637954238,1.0,1.0,0,1,,,nan,nan,nan,0
8,32,22.830185405346903,0.8530282637954238,1.0,1.0,0,1,,,nan,nan,nan,0
8,33,22.830185405346903,0.8530282637954238,1.0,1.0,0,1,,,nan,nan,nan,0
8,34,22.830185405346903,0.8530282637954238,1.0,1.0,0,1,,,nan,nan,nan,0
8,35,22.830185405346903,0.8530282637954238,1.0,1.0,0,1,,,nan,nan,nan,0
8,36,22.830185405346903,0.8530282637954238,1.0,1.0,0,1,,,nan,nan,nan,0
8,37,22.830185405346903,0.8530282637954238,1.0,1.0,0,1,,,nan,nan,nan,0
8,38,23.11282335958647,0.8417227456258412,1.0,1.0,0,1,,,nan,nan,nan,0
8,39,23.11282335958647,0.8417227456258412,1.0,1.0,0,1,,,nan,nan,nan,0
8,40,23.11282335958647,0.8417227456258412,1.0,1.0,0,1,,,nan,nan,nan,0
8,41,23.11282335958647,0.8417227456258412,1.0,1.0,0,1,,,nan,nan,nan,0
8,42,23.11282335958647,0.8417227456258412,1.0,1.0,0,1,,,nan,nan,nan,0
8,43,23.11282335958647,0.8417227456258412,1.0,1.0,0,1,,,nan,nan,nan,0
8,44,23.11282335958647,0.8417227456258412,1.0,1.0,0,1,,,nan,nan,nan,0
8,45,23.11282335958647,0.8417227456258412,1.0,1.0,0,1,,,nan,nan,nan,0
8,46,23.11282335958647,0.8417227456258412,1.0,1.0,0,1,,,nan,nan,nan,0
8,47,23.11282335958647,0.8417227456258412,1.0,1.0,0,1,,,nan,nan,nan,0
8,48,23.11282335958647,0.8417227456258412,1.0,1.0,0,1,,,nan,nan,nan,0
8,49,23.11282335958647,0.8417227456258412,1.0,1.0,0,1,,,nan,nan,nan,0
8,50,23.11282335958647,0.8417227456258412,1.0,1.0,0,1,,,nan,nan,nan,0
8,51,23.11282335958647,0.8417227456258412,1.0,1.0,0,1,,,nan,nan,nan,0
8,52,23.11282335958647,0.8417227456258412,1.0,1.0,0,1,,,nan,nan,nan,0
8,53,23.11282335958647,0.8417227456258412,1.0,1.0,0,1,,,nan,nan,nan,0
8,54,23.11282335958647,0.8417227456258412,1.0,1.0,0,1,,,nan,nan,nan,0
8,55,23.11282335958647,0.8417227456258412,1.0,1.0,0,1,,,nan,nan,nan,0
8,56,23.11282335958647,0.8417227456258412,1.0,1.0,0,1,,,nan,nan,nan,0
8,57,23.11282335958647,0.8417227456258412,1.0,1.0,0,1,,,nan,nan,nan,0
8,58,23.11282335958647,0.8417227456258412,1.0,1.0,0,1,,,nan,nan,nan,0
8,59,23.11282335958647,0.8417227456258412,1.0,1.0,0,1,,,nan,nan,nan,0
8,60,23.11282335958647,0.8417227456258412,1.0,1.0,0,1,,,nan,nan,nan,0
8,61,23.11282335958647,0.8417227456258412,1.0,1.0,0,1,,,nan,nan,nan,0
8,62,23.11282335958647,0.8417227456258412,1.0,1.0,0,1,,,nan,nan,nan,0
8,63,23.11282335958647,0.8417227456258412,1.0,1.0,0,1,,,nan,nan,nan,0
8,64,23.11282335958647,0.8417227456258412,1.0,1.0,0,1,,,nan,nan,nan,0
8,65,23.11282335958647,0.8417227456258412,1.0,1.0,0,1,,,nan,nan,nan,0
8,66,23.11282335958647,0.8417227456258412,1.0,1.0,0,1,,,nan,nan,nan,0
8,67,23.11282335958647,0.8417227456258412,1.0,1.0,0,1,,,nan,nan,nan,0
8,68,23.11282335958647,0.8417227456258412,1.0,1.0,0,1,,,nan,nan,nan,0
8,69,23.11282335958647,0.8417227456258412,1.0,1.0,0,1,,,nan,nan,nan,0
8,70,23.11282335958647,0.8417227456258412,1.0,1.0,0,1,,,nan,nan,nan,0
8,71,23.11282335958647,0.8417227456258412,1.0,1.0,0,1,,,nan,nan,nan,0
8,72,23.11282335958647,0.8417227456258412,1.0,1.0,0,1,,,nan,nan,nan,0
8,73,23.11282335958647,0.8417227456258412,1.0,1.0,0,1,,,nan,nan,nan,0
8,74,23.11282335958647,0.8417227456258412,1.0,1.0,0,1,,,nan,nan,nan,0
8,75,23.11282335958647,0.8417227456258412,1.0,1.0,0,1,,,nan,nan,nan,0
8,76,23.11282335958647,0.8417227456258412,1.0,1.0,0,1,,,nan,nan,nan,0
8,77,23.11282335958647,0.8417227456258412,1.0,1.0,0,1,,,nan,nan,nan,0
8,78,23.11282335958647,0.8417227456258412,1.0,1.0,0,1,,,nan,nan,nan,0
8,79,23.11282335958647,0.8417227456258412,1.0,1.0,0,1,,,nan,nan,nan,0
8,80,23.11282335958647,0.8417227456258412,1.0,1.0,0,1,,,nan,nan,nan,0
8,81,23.11282335958647,0.8417227456258412,1.0,1.0,0,1,,,nan,nan,nan,0
8,82,23.11282335958647,0.8417227456258412,1.0,1.0,0,1,,,nan,nan,nan,0
8,83,23.11282335958647,0.8417227456258412,1.0,1.0,0,1,,,nan,nan,nan,0
8,84,23.11282335958647,0.8417227456258412,1.0,1.0,0,1,,,nan,nan,nan,0
8,85,23.11282335958647,0.8417227456258412,1.0,1.0,0,1,,,nan,nan,nan,0
8,86,23.11282335958647,0.8417227456258412,1.0,1.0,0,1,,,nan,nan,nan,0
8,87,23.11282335958647,0.8417227456258412,1.0,1.0,0,1,,,nan,nan,nan,0
8,88,23.11282335958647,0.8417227456258412,1.0,1.0,0,1,,,nan,nan,nan,0
8,89,23.11282335958647,0.8417227456258412,1.0,1.0,0,1,,,nan,nan,nan,0
8,90,23.11282335958647,0.8417227456258412,1.0,1.0,0,1,,,nan,nan,nan,0
8,91,23.11282335958647,0.8417227456258412,1.0,1.0,0,1,,,nan,nan,nan,0
8,92,23.11282335958647,0.8417227456258412,1.0,1.0,0,1,,,nan,nan,nan,0
8,93,23.11282335958647,0.8417227456258412,1.0,1.0,0,1,,,nan,nan,nan,0
8,94,23.11282335958647,0.8417227456258412,1.0,1.0,0,1,,,nan,nan,nan,0
8,95,23.11282335958647,0.8417227456258412,1.0,1.0,0,1,,,nan,nan,nan,0
8,96,23.11282335958647,0.8417227456258412,1.0,1.0,0,1,,,nan,nan,nan,0
8,97,23.11282335958647,0.8417227456258412,1.0,1.0,0,1,,,nan,nan,nan,0
8,98,23.395461313826036,0.8304172274562585,1.0,1.0,0,1,,,nan,nan,nan,0
8,99,23.395461313826036,0.8304172274562585,1.0,1.0,0,1,,,nan,nan,nan,0
8,100,23.395461313826036,0.8304172274562585,1.0,1.0,0,1,,,nan,nan,nan,0
8,101,23.395461313826036,0.8304172274562585,1.0,1.0,0,1,,,nan,nan,nan,0
8,102,23.395461313826036,0.8304172274562585,1.0,1.0,0,1,,,nan,nan,nan,0
8,103,23.395461313826036,0.8304172274562585,1.0,1.0,0,1,,,nan,nan,nan,0
8,104,23.395461313826036,0.8304172274562585,1.0,1.0,0,1,,,nan,nan,nan,0
8,105,23.395461313826036,0.8304172274562585,1.0,1.0,0,1,,,nan,nan,nan,0
8,106,23.395461313826036,0.8304172274562585,1.0,1.0,0,1,,,nan,nan,nan,0
8,107,23.395461313826036,0.8304172274562585,1.0,1.0,0,1,,,nan,nan,nan,0
8,108,23.395461313826036,0.8304172274562585,1.0,1.0,0,1,,,nan,nan,nan,0
8,109,23.395461313826036,0.8304172274562585,1.0,1.0,0,1,,,nan,nan,nan,0
8,110,23.395461313826036,0.8304172274562585,1.0,1.0,0,1,,,nan,nan,nan,0
8,111,23.395461313826036,0.8304172274562585,1.0,1.0,0,1,,,nan,nan,nan,0
8,112,23.395461313826036,0.8304172274562585,1.0,1.0,0,1,,,nan,nan,nan,0
8,113,23.395461313826036,0.8304172274562585,1.0,1.0,0,1,,,nan,nan,nan,0
8,114,23.395461313826036,0.8304172274562585,1.0,1.0,0,1,,,nan,nan,nan,0
8,115,23.395461313826036,0.8304172274562585,1.0,1.0,0,1,,,nan,nan,nan,0
8,116,23.395461313826036,0.8304172274562585,1.0,1.0,0,1,,,nan,nan,nan,0
8,117,23.395461313826036,0.8304172274562585,1.0,1.0,0,1,,,nan,nan,nan,0
8,118,23.395461313826036,0.8304172274562585,1.0,1.0,0,1,,,nan,nan,nan,0
8,119,23.395461313826036,0.8304172274562585,1.0,1.0,0,1,,,nan,nan,nan,0
8,120,23.395461313826036,0.8304172274562585,1.0,1.0,0,1,,,nan,nan,nan,0
9,1,20.556491916968717,0.9886944818304173,1.0,1.0,0,1,,,nan,nan,nan,0
9,2,20.83912987120829,0.9773889636608344,1.0,1.0,0,1,,,nan,nan,nan,0
9,3,21.121767825447858,0.9660834454912516,1.0,1.0,0,1,,,nan,nan,nan,0
9,4,21.404405779687426,0.9547779273216689,1.0,1.0,0,1,,,nan,nan,nan,0
9,5,21.68704373392699,0.9434724091520862,1.0,1.0,0,1,,,nan,nan,nan,0
9,6,21.969681688166563,0.9321668909825034,1.0,1.0,0,1,,,nan,nan,nan,0
9,7,22.252319642406135,0.9208613728129206,1.0,1.0,0,1,,,nan,nan,nan,0
9,8,22.534957596645704,0.9095558546433378,1.0,1.0,0,1,,,nan,nan,nan,0
9,9,22.817595550885272,0.898250336473755,1.0,1.0,0,1,,,nan,nan,nan,0
9,10,23.10023350512484,0.8869448183041723,1.0,1.0,0,1,,,nan,nan,nan,0
9,11,23.38287145936441,0.8756393001345896,1.0,1.0,0,1,,,nan,nan,nan,0
9,12,23.665509413603978,0.8643337819650068,1.0,1.0,0,1,,,nan,nan,nan,0
9,13,23.94814736784355,0.853028263795424,1.0,1.0,0,1,,,nan,nan,nan,0
9,14,23.948147367843553,0.8530282637954238,1.0,1.0,0,1,,,nan,nan,nan,0
9,15,23.948147367843553,0.8530282637954238,1.0,1.0,0,1,,,nan,nan,nan,0
9,16,23.948147367843553,0.8530282637954238,1.0,1.0,0,1,,,nan,nan,nan,0
9,17,23.948147367843553,0.8530282637954238,1.0,1.0,0,1,,,nan,nan,nan,0
9,18,23.948147367843553,0.8530282637954238,1.0,1.0,0,1,,,nan,nan,nan,0
9,19,23.948147367843553,0.8530282637954238,1.0,1.0,0,1,,,nan,nan,nan,0
9,20,23.948147367843553,0.8530282637954238,1.0,1.0,0,1,,,nan,nan,nan,0
9,21,23.948147367843553,0.8530282637954238,1.0,1.0,0,1,,,nan,nan,nan,0
9,22,23.948147367843553,0.8530282637954238,1.0,1.0,0,1,,,nan,nan,nan,0
9,23,23.948147367843553,0.8530282637954238,1.0,1.0,0,1,,,nan,nan,nan,0
9,24,23.948147367843553,0.8530282637954238,1.0,1.0,0,1,,,nan,nan,nan,0
9,25,23.948147367843553,0.8530282637954238,1.0,1.0,0,1,,,nan,nan,nan,0
9,26,23.948147367843553,0.8530282637954238,1.0,1.0,0,1,,,nan,nan,nan,0
9,27,23.948147367843553,0.8530282637954238,1.0,1.0,0,1,,,nan,nan,nan,0
9,28,23.948147367843553,0.8530282637954238,1.0,1.0,0,1,,,nan,nan,nan,0
9,29,23.948147367843553,0.8530282637954238,1.0,1.0,0,1,,,nan,nan,nan,0
9,30,23.948147367843553,0.8530282637954238,1.0,1.0,0,1,,,nan,nan,nan,0
9,31,23.948147367843553,0.8530282637954238,1.0,1.0,0,1,,,nan,nan,nan,0
9,32,23.948147367843553,0.8530282637954238,1.0,1.0,0,1,,,nan,nan,nan,0
9,33,23.948147367843553,0.8530282637954238,1.0,1.0,0,1,,,nan,nan,nan,0
9,34,23.948147367843553,0.8530282637954238,1.0,1.0,0,1,,,nan,nan,nan,0
9,35,23.948147367843553,0.8530282637954238,1.0,1.0,0,1,,,nan,nan,nan,0
9,36,23.948147367843553,0.8530282637954238,1.0,1.0,0,1,,,nan,nan,nan,0
9,37,23.948147367843553,0.8530282637954238,1.0,1.0,0,1,,,nan,nan,nan,0
9,38,24.23078532208312,0.8417227456258412,1.0,1.0,0,1,,,nan,nan,nan,0
9,39,24.23078532208312,0.8417227456258412,1.0,1.0,0,1,,,nan,nan,nan,0
9,40,24.23078532208312,0.8417227456258412,1.0,1.0,0,1,,,nan,nan,nan,0
9,41,24.23078532208312,0.8417227456258412,1.0,1.0,0,1,,,nan,nan,nan,0
9,42,24.23078532208312,0.8417227456258412,1.0,1.0,0,1,,,nan,nan,nan,0
9,43,24.23078532208312,0.8417227456258412,1.0,1.0,0,1,,,nan,nan,nan,0
9,44,24.23078532208312,0.8417227456258412,1.0,1.0,0,1,,,nan,nan,nan,0
9,45,24.23078532208312,0.8417227456258412,1.0,1.0,0,1,,,nan,nan,nan,0
9,46,24.23078532208312,0.8417227456258412,1.0,1.0,0,1,,,nan,nan,nan,0
9,47,24.23078532208312,0.8417227456258412,1.0,1.0,0,1,,,nan,nan,nan,0
9,48,24.23078532208312,0.8417227456258412,1.0,1.0,0,1,,,nan,nan,nan,0
9,49,24.23078532208312,0.8417227456258412,1.0,1.0,0,1,,,nan,nan,nan,0
9,50,24.23078532208312,0.8417227456258412,1.0,1.0,0,1,,,nan,nan,nan,0
9,51,24.23078532208312,0.8417227456258412,1.0,1.0,0,1,,,nan,nan,nan,0
9,52,24.23078532208312,0.8417227456258412,1.0,1.0,0,1,,,nan,nan,nan,0
9,53,24.23078532208312,0.8417227456258412,1.0,1.0,0,1,,,nan,nan,nan,0
9,54,24.23078532208312,0.8417227456258412,1.0,1.0,0,1,,,nan,nan,nan,0
9,55,24.23078532208312,0.8417227456258412,1.0,1.0,0,1,,,nan,nan,nan,0
9,56,24.23078532208312,0.8417227456258412,1.0,1.0,0,1,,,nan,nan,nan,0
9,57,24.23078532208312,0.8417227456258412,1.0,1.0,0,1,,,nan,nan,nan,0
9,58,24.23078532208312,0.8417227456258412,1.0,1.0,0,1,,,nan,nan,nan,0
9,59,24.23078532208312,0.8417227456258412,1.0,1.0,0,1,,,nan,nan,nan,0
9,60,24.23078532208312,0.8417227456258412,1.0,1.0,0,1,,,nan,nan,nan,0
9,61,24.23078532208312,0.8417227456258412,1.0,1.0,0,1,,,nan,nan,nan,0
9,62,24.23078532208312,0.8417227456258412,1.0,1.0,0,1,,,nan,nan,nan,0
9,63,24.23078532208312,0.8417227456258412,1.0,1.0,0,1,,,nan,nan,nan,0
9,64,24.23078532208312,0.8417227456258412,1.0,1.0,0,1,,,nan,nan,nan,0
9,65,24.23078532208312,0.8417227456258412,1.0,1.0,0,1,,,nan,nan,nan,0
9,66,24.23078532208312,0.8417227456258412,1.0,1.0,0,1,,,nan,nan,nan,0
9,67,24.23078532208312,0.8417227456258412,1.0,1.0,0,1,,,nan,nan,nan,0
9,68,24.23078532208312,0.8417227456258412,1.0,1.0,0,1,,,nan,nan,nan,0
9,69,24.23078532208312,0.8417227456258412,1.0,1.0,0,1,,,nan,nan,nan,0
9,70,24.23078532208312,0.8417227456258412,1.0,1.0,0,1,,,nan,nan,nan,0
9,71,24.23078532208312,0.8417227456258412,1.0,1.0,0,1,,,nan,nan,nan,0
9,72,24.23078532208312,0.8417227456258412,1.0,1.0,0,1,,,nan,nan,nan,0
9,73,24.23078532208312,0.8417227456258412,1.0,1.0,0,1,,,nan,nan,nan,0
9,74,24.23078532208312,0.8417227456258412,1.0,1.0,0,1,,,nan,nan,nan,0
9,75,24.23078532208312,0.8417227456258412,1.0,1.0,0,1,,,nan,nan,nan,0
9,76,24.23078532208312,0.8417227456258412,1.0,1.0,0,1,,,nan,nan,nan,0
9,77,24.23078532208312,0.8417227456258412,1.0,1.0,0,1,,,nan,nan,nan,0
9,78,24.23078532208312,0.8417227456258412,1.0,1.0,0,1,,,nan,nan,nan,0
9,79,24.23078532208312,0.8417227456258412,1.0,1.0,0,1,,,nan,nan,nan,0
9,80,24.23078532208312,0.8417227456258412,1.0,1.0,0,1,,,nan,nan,nan,0
9,81,24.23078532208312,0.8417227456258412,1.0,1.0,0,1,,,nan,nan,nan,0
9,82,24.23078532208312,0.8417227456258412,1.0,1.0,0,1,,,nan,nan,nan,0
9,83,24.23078532208312,0.8417227456258412,1.0,1.0,0,1,,,nan,nan,nan,0
9,84,24.23078532208312,0.8417227456258412,1.0,1.0,0,1,,,nan,nan,nan,0
9,85,24.23078532208312,0.8417227456258412,1.0,1.0,0,1,,,nan,nan,nan,0
9,86,24.23078532208312,0.8417227456258412,1.0,1.0,0,1,,,nan,nan,nan,0
9,87,24.23078532208312,0.8417227456258412,1.0,1.0,0,1,,,nan,nan,nan,0
9,88,24.23078532208312,0.8417227456258412,1.0,1.0,0,1,,,nan,nan,nan,0
9,89,24.23078532208312,0.8417227456258412,1.0,1.0,0,1,,,nan,nan,nan,0
9,90,24.23078532208312,0.8417227456258412,1.0,1.0,0,1,,,nan,nan,nan,0
9,91,24.23078532208312,0.8417227456258412,1.0,1.0,0,1,,,nan,nan,nan,0
9,92,24.23078532208312,0.8417227456258412,1.0,1.0,0,1,,,nan,nan,nan,0
9,93,24.23078532208312,0.8417227456258412,1.0,1.0,0,1,,,nan,nan,nan,0
9,94,24.23078532208312,0.8417227456258412,1.0,1.0,0,1,,,nan,nan,nan,0
9,95,24.23078532208312,0.8417227456258412,1.0,1.0,0,1,,,nan,nan,nan,0
9,96,24.23078532208312,0.8417227456258412,1.0,1.0,0,1,,,nan,nan,nan,0
9,97,24.513423276322687,0.8304172274562585,1.0,1.0,0,1,,,nan,nan,nan,0
9,98,24.513423276322687,0.8304172274562585,1.0,1.0,0,1,,,nan,nan,nan,0
9,99,24.513423276322687,0.8304172274562585,1.0,1.0,0,1,,,nan,nan,nan,0
9,100,24.513423276322687,0.8304172274562585,1.0,1.0,0,1,,,nan,nan,nan,0
9,101,24.513423276322687,0.8304172274562585,1.0,1.0,0,1,,,nan,nan,nan,0
9,102,24.513423276322687,0.8304172274562585,1.0,1.0,0,1,,,nan,nan,nan,0
9,103,24.513423276322687,0.8304172274562585,1.0,1.0,0,1,,,nan,nan,nan,0
9,104,24.513423276322687,0.8304172274562585,1.0,1.0,0,1,,,nan,nan,nan,0
9,105,24.513423276322687,0.8304172274562585,1.0,1.0,0,1,,,nan,nan,nan,0
9,106,24.513423276322687,0.8304172274562585,1.0,1.0,0,1,,,nan,nan,nan,0
9,107,24.513423276322687,0.8304172274562585,1.0,1.0,0,1,,,nan,nan,nan,0
9,108,24.513423276322687,0.8304172274562585,1.0,1.0,0,1,,,nan,nan,nan,0
9,109,24.513423276322687,0.8304172274562585,1.0,1.0,0,1,,,nan,nan,nan,0
9,110,24.513423276322687,0.8304172274562585,1.0,1.0,0,1,,,nan,nan,nan,0
9,111,24.513423276322687,0.8304172274562585,1.0,1.0,0,1,,,nan,nan,nan,0
9,112,24.513423276322687,0.8304172274562585,1.0,1.0,0,1,,,nan,nan,nan,0
9,113,24.513423276322687,0.8304172274562585,1.0,1.0,0,1,,,nan,nan,nan,0
9,114,24.513423276322687,0.8304172274562585,1.0,1.0,0,1,,,nan,nan,nan,0
9,115,24.513423276322687,0.8304172274562585,1.0,1.0,0,1,,,nan,nan,nan,0
9,116,24.513423276322687,0.8304172274562585,1.0,1.0,0,1,,,nan,nan,nan,0
9,117,24.513423276322687,0.8304172274562585,1.0,1.0,0,1,,,nan,nan,nan,0
9,118,24.513423276322687,0.8304172274562585,1.0,1.0,0,1,,,nan,nan,nan,0
9,119,24.513423276322687,0.8304172274562585,1.0,1.0,0,1,,,nan,nan,nan,0
9,120,24.513423276322687,0.8304172274562585,1.0,1.0,0,1,,,nan,nan,nan,0
10,1,18.51920343935175,0.9886944818304173,1.0,1.0,0,1,,,nan,nan,nan,0
10,2,18.80184139359132,0.9773889636608344,1.0,1.0,0,1,,,nan,nan,nan,0
10,3,19.084479347830893,0.9660834454912516,1.0,1.0,0,1,,,nan,nan,nan,0
10,4,19.36711730207046,0.9547779273216689,1.0,1.0,0,1,,,nan,nan,nan,0
10,5,19.649755256310026,0.9434724091520862,1.0,1.0,0,1,,,nan,nan,nan,0
10,6,19.9323932105496,0.9321668909825034,1.0,1.0,0,1,,,nan,nan,nan,0
10,7,20.215031164789167,0.9208613728129206,1.0,1.0,0,1,,,nan,nan,nan,0
10,8,20.497669119028735,0.9095558546433378,1.0,1.0,0,1,,,nan,nan,nan,0
10,9,20.780307073268308,0.898250336473755,1.0,1.0,0,1,,,nan,nan,nan,0
10,10,21.062945027507876,0.8869448183041723,1.0,1.0,0,1,,,nan,nan,nan,0
10,11,21.34558298174744,0.8756393001345896,1.0,1.0,0,1,,,nan,nan,nan,0
10,12,21.628220935987013,0.8643337819650068,1.0,1.0,0,1,,,nan,nan,nan,0
10,13,21.91085889022658,0.853028263795424,1.0,1.0,0,1,,,nan,nan,nan,0
10,14,21.910858890226585,0.8530282637954238,1.0,1.0,0,1,,,nan,nan,nan,0
10,15,21.910858890226585,0.8530282637954238,1.0,1.0,0,1,,,nan,nan,nan,0
10,16,21.910858890226585,0.8530282637954238,1.0,1.0,0,1,,,nan,nan,nan,0
10,17,21.910858890226585,0.8530282637954238,1.0,1.0,0,1,,,nan,nan,nan,0
10,18,21.910858890226585,0.8530282637954238,1.0,1.0,0,1,,,nan,nan,nan,0
10,19,21.910858890226585,0.8530282637954238,1.0,1.0,0,1,,,nan,nan,nan,0
10,20,21.910858890226585,0.8530282637954238,1.0,1.0,0,1,,,nan,nan,nan,0
10,21,21.910858890226585,0.8530282637954238,1.0,1.0,0,1,,,nan,nan,nan,0
10,22,21.910858890226585,0.8530282637954238,1.0,1.0,0,1,,,nan,nan,nan,0
10,23,21.910858890226585,0.8530282637954238,1.0,1.0,0,1,,,nan,nan,nan,0
10,24,21.910858890226585,0.8530282637954238,1.0,1.0,0,1,,,nan,nan,nan,0
10,25,21.910858890226585,0.8530282637954238,1.0,1.0,0,1,,,nan,nan,nan,0
10,26,21.910858890226585,0.8530282637954238,1.0,1.0,0,1,,,nan,nan,nan,0
10,27,21.910858890226585,0.8530282637954238,1.0,1.0,0,1,,,nan,nan,nan,0
10,28,21.910858890226585,0.8530282637954238,1.0,1.0,0,1,,,nan,nan,nan,0
10,29,21.910858890226585,0.8530282637954238,1.0,1.0,0,1,,,nan,nan,nan,0
10,30,21.910858890226585,0.8530282637954238,1.0,1.0,0,1,,,nan,nan,nan,0
10,31,21.910858890226585,0.8530282637954238,1.0,1.0,0,1,,,nan,nan,nan,0
10,32,21.910858890226585,0.8530282637954238,1.0,1.0,0,1,,,nan,nan,nan,0
10,33,21.910858890226585,0.8530282637954238,1.0,1.0,0,1,,,nan,nan,nan,0
10,34,21.910858890226585,0.8530282637954238,1.0,1.0,0,1,,,nan,nan,nan,0
10,35,21.910858890226585,0.8530282637954238,1.0,1.0,0,1,,,nan,nan,nan,0
10,36,21.910858890226585,0.8530282637954238,1.0,1.0,0,1,,,nan,nan,nan,0
10,37,21.910858890226585,0.8530282637954238,1.0,1.0,0,1,,,nan,nan,nan,0
10,38,22.193496844466154,0.8417227456258412,1.0,1.0,0,1,,,nan,nan,nan,0
10,39,22.193496844466154,0.8417227456258412,1.0,1.0,0,1,,,nan,nan,nan,0
10,40,22.193496844466154,0.8417227456258412,1.0,1.0,0,1,,,nan,nan,nan,0
10,41,22.193496844466154,0.8417227456258412,1.0,1.0,0,1,,,nan,nan,nan,0
10,42,22.193496844466154,0.8417227456258412,1.0,1.0,0,1,,,nan,nan,nan,0
10,43,22.193496844466154,0.8417227456258412,1.0,1.0,0,1,,,nan,nan,nan,0
10,44,22.193496844466154,0.8417227456258412,1.0,1.0,0,1,,,nan,nan,nan,0
10,45,22.193496844466154,0.8417227456258412,1.0,1.0,0,1,,,nan,nan,nan,0
10,46,22.193496844466154,0.8417227456258412,1.0,1.0,0,1,,,nan,nan,nan,0
10,47,22.193496844466154,0.8417227456258412,1.0,1.0,0,1,,,nan,nan,nan,0
10,48,22.193496844466154,0.8417227456258412,1.0,1.0,0,1,,,nan,nan,nan,0
10,49,22.193496844466154,0.8417227456258412,1.0,1.0,0,1,,,nan,nan,nan,0
10,50,22.193496844466154,0.8417227456258412,1.0,1.0,0,1,,,nan,nan,nan,0
10,51,22.193496844466154,0.8417227456258412,1.0,1.0,0,1,,,nan,nan,nan,0
10,52,22.193496844466154,0.8417227456258412,1.0,1.0,0,1,,,nan,nan,nan,0
10,53,22.193496844466154,0.8417227456258412,1.0,1.0,0,1,,,nan,nan,nan,0
10,54,22.193496844466154,0.8417227456258412,1.0,1.0,0,1,,,nan,nan,nan,0
10,55,22.193496844466154,0.8417227456258412,1.0,1.0,0,1,,,nan,nan,nan,0
10,56,22.193496844466154,0.8417227456258412,1.0,1.0,0,1,,,nan,nan,nan,0
10,57,22.193496844466154,0.8417227456258412,1.0,1.0,0,1,,,nan,nan,nan,0
10,58,22.193496844466154,0.8417227456258412,1.0,1.0,0,1,,,nan,nan,nan,0
10,59,22.193496844466154,0.8417227456258412,1.0,1.0,0,1,,,nan,nan,nan,0
10,60,22.193496844466154,0.8417227456258412,1.0,1.0,0,1,,,nan,nan,nan,0
10,61,22.193496844466154,0.8417227456258412,1.0,1.0,0,1,,,nan,nan,nan,0
10,62,22.193496844466154,0.8417227456258412,1.0,1.0,0,1,,,nan,nan,nan,0
10,63,22.193496844466154,0.8417227456258412,1.0,1.0,0,1,,,nan,nan,nan,0
10,64,22.193496844466154,0.8417227456258412,1.0,1.0,0,1,,,nan,nan,nan,0
10,65,22.193496844466154,0.8417227456258412,1.0,1.0,0,1,,,nan,nan,nan,0
10,66,22.193496844466154,0.8417227456258412,1.0,1.0,0,1,,,nan,nan,nan,0
10,67,22.193496844466154,0.8417227456258412,1.0,1.0,0,1,,,nan,nan,nan,0
10,68,22.193496844466154,0.8417227456258412,1.0,1.0,0,1,,,nan,nan,nan,0
10,69,22.193496844466154,0.8417227456258412,1.0,1.0,0,1,,,nan,nan,nan,0
10,70,22.193496844466154,0.8417227456258412,1.0,1.0,0,1,,,nan,nan,nan,0
10,71,22.193496844466154,0.8417227456258412,1.0,1.0,0,1,,,nan,nan,nan,0
10,72,22.193496844466154,0.8417227456258412,1.0,1.0,0,1,,,nan,nan,nan,0
10,73,22.193496844466154,0.8417227456258412,1.0,1.0,0,1,,,nan,nan,nan,0
10,74,22.193496844466154,0.8417227456258412,1.0,1.0,0,1,,,nan,nan,nan,0
10,75,22.193496844466154,0.8417227456258412,1.0,1.0,0,1,,,nan,nan,nan,0
10,76,22.193496844466154,0.8417227456258412,1.0,1.0,0,1,,,nan,nan,nan,0
10,77,22.193496844466154,0.8417227456258412,1.0,1.0,0,1,,,nan,nan,nan,0
10,78,22.193496844466154,0.8417227456258412,1.0,1.0,0,1,,,nan,nan,nan,0
10,79,22.193496844466154,0.8417227456258412,1.0,1.0,0,1,,,nan,nan,nan,0
10,80,22.193496844466154,0.8417227456258412,1.0,1.0,0,1,,,nan,nan,nan,0
10,81,22.193496844466154,0.8417227456258412,1.0,1.0,0,1,,,nan,nan,nan,0
10,82,22.193496844466154,0.8417227456258412,1.0,1.0,0,1,,,nan,nan,nan,0
10,83,22.193496844466154,0.8417227456258412,1.0,1.0,0,1,,,nan,nan,nan,0
10,84,22.193496844466154,0.8417227456258412,1.0,1.0,0,1,,,nan,nan,nan,0
10,85,22.193496844466154,0.8417227456258412,1.0,1.0,0,1,,,nan,nan,nan,0
10,86,22.193496844466154,0.8417227456258412,1.0,1.0,0,1,,,nan,nan,nan,0
10,87,22.193496844466154,0.8417227456258412,1.0,1.0,0,1,,,nan,nan,nan,0
10,88,22.193496844466154,0.8417227456258412,1.0,1.0,0,1,,,nan,nan,nan,0
10,89,22.193496844466154,0.8417227456258412,1.0,1.0,0,1,,,nan,nan,nan,0
10,90,22.193496844466154,0.8417227456258412,1.0,1.0,0,1,,,nan,nan,nan,0
10,91,22.193496844466154,0.8417227456258412,1.0,1.0,0,1,,,nan,nan,nan,0
10,92,22.193496844466154,0.8417227456258412,1.0,1.0,0,1,,,nan,nan,nan,0
10,93,22.193496844466154,0.8417227456258412,1.0,1.0,0,1,,,nan,nan,nan,0
10,94,22.193496844466154,0.8417227456258412,1.0,1.0,0,1,,,nan,nan,nan,0
10,95,22.193496844466154,0.8417227456258412,1.0,1.0,0,1,,,nan,nan,nan,0
10,96,22.193496844466154,0.8417227456258412,1.0,1.0,0,1,,,nan,nan,nan,0
10,97,22.476134798705722,0.8304172274562585,1.0,1.0,0,1,,,nan,nan,nan,0
10,98,22.476134798705722,0.8304172274562585,1.0,1.0,0,1,,,nan,nan,nan,0
10,99,22.476134798705722,0.8304172274562585,1.0,1.0,0,1,,,nan,nan,nan,0
10,100,22.476134798705722,0.8304172274562585,1.0,1.0,0,1,,,nan,nan,nan,0
10,101,22.476134798705722,0.8304172274562585,1.0,1.0,0,1,,,nan,nan,nan,0
10,102,22.476134798705722,0.8304172274562585,1.0,1.0,0,1,,,nan,nan,nan,0
10,103,22.476134798705722,0.8304172274562585,1.0,1.0,0,1,,,nan,nan,nan,0
10,104,22.476134798705722,0.8304172274562585,1.0,1.0,0,1,,,nan,nan,nan,0
10,105,22.476134798705722,0.8304172274562585,1.0,1.0,0,1,,,nan,nan,nan,0
10,106,22.476134798705722,0.8304172274562585,1.0,1.0,0,1,,,nan,nan,nan,0
10,107,22.476134798705722,0.8304172274562585,1.0,1.0,0,1,,,nan,nan,nan,0
10,108,22.476134798705722,0.8304172274562585,1.0,1.0,0,1,,,nan,nan,nan,0
10,109,22.476134798705722,0.8304172274562585,1.0,1.0,0,1,,,nan,nan,nan,0
10,110,22.476134798705722,0.8304172274562585,1.0,1.0,0,1,,,nan,nan,nan,0
10,111,22.476134798705722,0.8304172274562585,1.0,1.0,0,1,,,nan,nan,nan,0
10,112,22.476134798705722,0.8304172274562585,1.0,1.0,0,1,,,nan,nan,nan,0
10,113,22.476134798705722,0.8304172274562585,1.0,1.0,0,1,,,nan,nan,nan,0
10,114,22.476134798705722,0.8304172274562585,1.0,1.0,0,1,,,nan,nan,nan,0
10,115,22.476134798705722,0.8304172274562585,1.0,1.0,0,1,,,nan,nan,nan,0
10,116,22.476134798705722,0.8304172274562585,1.0,1.0,0,1,,,nan,nan,nan,0
10,117,22.476134798705722,0.8304172274562585,1.0,1.0,0,1,,,nan,nan,nan,0
10,118,22.476134798705722,0.8304172274562585,1.0,1.0,0,1,,,nan,nan,nan,0
10,119,22.476134798705722,0.8304172274562585,1.0,1.0,0,1,,,nan,nan,nan,0
10,120,22.476134798705722,0.8304172274562585,1.0,1.0,0,1,,,nan,nan,nan,0
